Site_Year,Area_Type,v01,v02,v03,v04,v05,v06,v07,v08,v09,v10,v11,v12,v13,v14,v15,v16,v17,v18
Ball Pinnacle_2007,Core,0,0,0,0,1,0,NA,NA,NA,NA,NA,NA,NA,NA,NA,NA,NA,NA
Ball Pinnacle_2008,Core,0,0,0,0,1,NA,NA,NA,NA,NA,NA,NA,NA,NA,NA,NA,NA,NA
Ball Pinnacle_2009,Core,0,0,0,NA,NA,NA,NA,NA,NA,NA,NA,NA,NA,NA,NA,NA,NA,NA
Ball Pinnacle_2010,Core,0,1,1,0,1,NA,NA,NA,NA,NA,NA,NA,NA,NA,NA,NA,NA,NA
Ball Pinnacle_2011,Core,0,0,0,0,0,0,NA,NA,NA,NA,NA,NA,NA,NA,NA,NA,NA,NA
Ball Pinnacle_2012,Core,1,0,1,1,NA,NA,NA,NA,NA,NA,NA,NA,NA,NA,NA,NA,NA,NA
Ball Pinnacle_2013,Core,0,0,1,1,NA,NA,NA,NA,NA,NA,NA,NA,NA,NA,NA,NA,NA,NA
Ball Pinnacle_2014,Core,0,0,0,1,0,NA,NA,NA,NA,NA,NA,NA,NA,NA,NA,NA,NA,NA
Ball Pinnacle_2015,Core,0,1,1,0,1,0,NA,NA,NA,NA,NA,NA,NA,NA,NA,NA,NA,NA
Ball Pinnacle_2016,Core,0,1,0,0,NA,NA,NA,NA,NA,NA,NA,NA,NA,NA,NA,NA,NA,NA
Ball Pinnacle_2017,Core,0,0,0,0,0,0,NA,NA,NA,NA,NA,NA,NA,NA,NA,NA,NA,NA
Ball Pinnacle_2018,Core,0,0,0,0,0,0,0,0,NA,NA,NA,NA,NA,NA,NA,NA,NA,NA
Ball Pinnacle_2019,Core,0,0,0,0,0,NA,NA,NA,NA,NA,NA,NA,NA,NA,NA,NA,NA,NA
Ball Pinnacle_2020,Core,0,0,0,0,1,0,NA,NA,NA,NA,NA,NA,NA,NA,NA,NA,NA,NA
Ball Pinnacle_2021,Core,0,0,0,0,0,NA,NA,NA,NA,NA,NA,NA,NA,NA,NA,NA,NA,NA
Canyon North of Willow Springs_2007,Non-core,0,1,0,NA,NA,NA,NA,NA,NA,NA,NA,NA,NA,NA,NA,NA,NA,NA
Canyon North of Willow Springs_2008,Non-core,1,1,1,1,0,NA,NA,NA,NA,NA,NA,NA,NA,NA,NA,NA,NA,NA
Canyon North of Willow Springs_2009,Non-core,0,1,0,0,NA,NA,NA,NA,NA,NA,NA,NA,NA,NA,NA,NA,NA,NA
Canyon North of Willow Springs_2010,Non-core,1,1,1,1,1,2,2,2,NA,NA,NA,NA,NA,NA,NA,NA,NA,NA
Canyon North of Willow Springs_2011,Non-core,1,1,1,1,2,2,NA,NA,NA,NA,NA,NA,NA,NA,NA,NA,NA,NA
Canyon North of Willow Springs_2012,Non-core,1,1,1,1,2,2,2,NA,NA,NA,NA,NA,NA,NA,NA,NA,NA,NA
Canyon North of Willow Springs_2013,Non-core,0,0,0,0,NA,NA,NA,NA,NA,NA,NA,NA,NA,NA,NA,NA,NA,NA
Canyon North of Willow Springs_2014,Non-core,0,1,0,NA,NA,NA,NA,NA,NA,NA,NA,NA,NA,NA,NA,NA,NA,NA
Canyon North of Willow Springs_2015,Non-core,0,0,0,NA,NA,NA,NA,NA,NA,NA,NA,NA,NA,NA,NA,NA,NA,NA
Canyon North of Willow Springs_2016,Non-core,1,1,0,NA,NA,NA,NA,NA,NA,NA,NA,NA,NA,NA,NA,NA,NA,NA
Canyon North of Willow Springs_2017,Non-core,0,1,1,0,NA,NA,NA,NA,NA,NA,NA,NA,NA,NA,NA,NA,NA,NA
Canyon North of Willow Springs_2018,Non-core,0,0,0,NA,NA,NA,NA,NA,NA,NA,NA,NA,NA,NA,NA,NA,NA,NA
Canyon North of Willow Springs_2019,Non-core,0,0,1,NA,NA,NA,NA,NA,NA,NA,NA,NA,NA,NA,NA,NA,NA,NA
Canyon North of Willow Springs_2020,Non-core,1,0,0,NA,NA,NA,NA,NA,NA,NA,NA,NA,NA,NA,NA,NA,NA,NA
Canyon North of Willow Springs_2021,Non-core,0,0,0,NA,NA,NA,NA,NA,NA,NA,NA,NA,NA,NA,NA,NA,NA,NA
Central High Peaks_2007,Core,0,0,0,0,0,0,0,0,0,0,0,0,NA,NA,NA,NA,NA,NA
Central High Peaks_2008,Core,0,0,0,0,0,0,0,0,0,0,0,0,0,0,0,0,0,NA
Central High Peaks_2009,Core,0,0,0,0,0,0,0,0,0,0,NA,NA,NA,NA,NA,NA,NA,NA
Central High Peaks_2010,Core,0,0,0,0,0,0,0,0,0,0,0,NA,NA,NA,NA,NA,NA,NA
Central High Peaks_2011,Core,0,0,0,0,0,0,0,NA,NA,NA,NA,NA,NA,NA,NA,NA,NA,NA
Central High Peaks_2012,Core,0,0,1,0,0,0,0,NA,NA,NA,NA,NA,NA,NA,NA,NA,NA,NA
Central High Peaks_2013,Core,0,0,0,0,0,0,0,0,0,NA,NA,NA,NA,NA,NA,NA,NA,NA
Central High Peaks_2014,Core,0,1,0,0,0,0,0,0,NA,NA,NA,NA,NA,NA,NA,NA,NA,NA
Central High Peaks_2015,Core,0,0,0,0,0,0,0,NA,NA,NA,NA,NA,NA,NA,NA,NA,NA,NA
Central High Peaks_2016,Core,0,0,0,0,0,0,0,0,NA,NA,NA,NA,NA,NA,NA,NA,NA,NA
Central High Peaks_2017,Core,0,0,0,0,0,0,NA,NA,NA,NA,NA,NA,NA,NA,NA,NA,NA,NA
Central High Peaks_2018,Core,0,0,0,0,0,0,0,0,0,NA,NA,NA,NA,NA,NA,NA,NA,NA
Central High Peaks_2019,Core,0,0,0,0,0,NA,NA,NA,NA,NA,NA,NA,NA,NA,NA,NA,NA,NA
Central High Peaks_2020,Core,0,0,0,0,0,0,0,NA,NA,NA,NA,NA,NA,NA,NA,NA,NA,NA
Central High Peaks_2021,Core,0,0,1,0,0,0,NA,NA,NA,NA,NA,NA,NA,NA,NA,NA,NA,NA
Citadel_2007,Core,1,0,0,0,1,0,NA,NA,NA,NA,NA,NA,NA,NA,NA,NA,NA,NA
Citadel_2008,Core,1,0,0,0,0,0,NA,NA,NA,NA,NA,NA,NA,NA,NA,NA,NA,NA
Citadel_2009,Core,0,0,0,0,0,NA,NA,NA,NA,NA,NA,NA,NA,NA,NA,NA,NA,NA
Citadel_2010,Core,0,1,0,0,NA,NA,NA,NA,NA,NA,NA,NA,NA,NA,NA,NA,NA,NA
Citadel_2011,Core,0,0,0,1,1,2,2,2,2,2,2,NA,NA,NA,NA,NA,NA,NA
Citadel_2012,Core,0,0,0,1,1,1,1,NA,NA,NA,NA,NA,NA,NA,NA,NA,NA,NA
Citadel_2013,Core,0,0,0,1,1,2,2,2,2,2,2,NA,NA,NA,NA,NA,NA,NA
Citadel_2014,Core,1,1,1,1,1,1,0,NA,NA,NA,NA,NA,NA,NA,NA,NA,NA,NA
Citadel_2015,Core,1,0,0,0,0,NA,NA,NA,NA,NA,NA,NA,NA,NA,NA,NA,NA,NA
Citadel_2016,Core,0,1,1,0,0,NA,NA,NA,NA,NA,NA,NA,NA,NA,NA,NA,NA,NA
Citadel_2017,Core,0,0,0,0,0,NA,NA,NA,NA,NA,NA,NA,NA,NA,NA,NA,NA,NA
Citadel_2018,Core,1,1,1,1,2,2,2,2,2,2,NA,NA,NA,NA,NA,NA,NA,NA
Citadel_2019,Core,1,1,2,2,2,2,2,2,NA,NA,NA,NA,NA,NA,NA,NA,NA,NA
Citadel_2020,Core,1,1,1,2,2,1,2,2,2,2,NA,NA,NA,NA,NA,NA,NA,NA
Citadel_2021,Core,1,1,1,1,1,1,0,0,NA,NA,NA,NA,NA,NA,NA,NA,NA,NA
Crowley Drainage_2007,Non-core,0,0,0,0,NA,NA,NA,NA,NA,NA,NA,NA,NA,NA,NA,NA,NA,NA
Crowley Drainage_2008,Non-core,0,0,0,0,0,0,NA,NA,NA,NA,NA,NA,NA,NA,NA,NA,NA,NA
Crowley Drainage_2009,Non-core,0,0,0,0,NA,NA,NA,NA,NA,NA,NA,NA,NA,NA,NA,NA,NA,NA
Crowley Drainage_2010,Non-core,0,0,0,0,NA,NA,NA,NA,NA,NA,NA,NA,NA,NA,NA,NA,NA,NA
Crowley Drainage_2011,Non-core,0,0,0,0,0,NA,NA,NA,NA,NA,NA,NA,NA,NA,NA,NA,NA,NA
Crowley Drainage_2012,Non-core,0,0,0,NA,NA,NA,NA,NA,NA,NA,NA,NA,NA,NA,NA,NA,NA,NA
Crowley Drainage_2013,Non-core,0,0,0,0,0,NA,NA,NA,NA,NA,NA,NA,NA,NA,NA,NA,NA,NA
Crowley Drainage_2014,Non-core,0,0,0,0,NA,NA,NA,NA,NA,NA,NA,NA,NA,NA,NA,NA,NA,NA
Crowley Drainage_2015,Non-core,0,0,0,0,NA,NA,NA,NA,NA,NA,NA,NA,NA,NA,NA,NA,NA,NA
Crowley Drainage_2016,Non-core,0,0,0,0,0,NA,NA,NA,NA,NA,NA,NA,NA,NA,NA,NA,NA,NA
Crowley Drainage_2017,Non-core,0,0,0,NA,NA,NA,NA,NA,NA,NA,NA,NA,NA,NA,NA,NA,NA,NA
Crowley Drainage_2018,Non-core,0,0,0,0,NA,NA,NA,NA,NA,NA,NA,NA,NA,NA,NA,NA,NA,NA
Crowley Drainage_2019,Non-core,0,0,0,NA,NA,NA,NA,NA,NA,NA,NA,NA,NA,NA,NA,NA,NA,NA
Crowley Drainage_2020,Non-core,0,0,0,NA,NA,NA,NA,NA,NA,NA,NA,NA,NA,NA,NA,NA,NA,NA
Crowley Drainage_2021,Non-core,0,0,0,NA,NA,NA,NA,NA,NA,NA,NA,NA,NA,NA,NA,NA,NA,NA
Crowley Towers_2007,Core,1,1,1,1,2,2,2,2,2,2,2,NA,NA,NA,NA,NA,NA,NA
Crowley Towers_2008,Core,1,1,1,1,1,0,1,1,1,NA,NA,NA,NA,NA,NA,NA,NA,NA
Crowley Towers_2009,Core,1,1,1,2,1,2,2,2,2,2,2,NA,NA,NA,NA,NA,NA,NA
Crowley Towers_2010,Core,1,1,1,2,2,2,2,2,2,NA,NA,NA,NA,NA,NA,NA,NA,NA
Crowley Towers_2011,Core,1,1,1,1,2,2,2,2,2,NA,NA,NA,NA,NA,NA,NA,NA,NA
Crowley Towers_2012,Core,1,1,1,1,2,2,2,2,2,NA,NA,NA,NA,NA,NA,NA,NA,NA
Crowley Towers_2013,Core,1,1,1,1,1,0,0,2,2,2,NA,NA,NA,NA,NA,NA,NA,NA
Crowley Towers_2014,Core,0,1,1,1,1,1,2,1,2,2,1,2,2,NA,NA,NA,NA,NA
Crowley Towers_2015,Core,1,1,1,2,1,2,2,2,NA,NA,NA,NA,NA,NA,NA,NA,NA,NA
Crowley Towers_2016,Core,1,1,1,1,1,1,1,1,2,2,2,2,2,2,2,NA,NA,NA
Crowley Towers_2017,Core,1,1,1,1,2,2,2,2,1,2,NA,NA,NA,NA,NA,NA,NA,NA
Crowley Towers_2018,Core,1,1,1,1,1,1,1,1,NA,NA,NA,NA,NA,NA,NA,NA,NA,NA
Crowley Towers_2019,Core,1,1,1,1,1,1,1,2,2,2,2,2,2,NA,NA,NA,NA,NA
Crowley Towers_2020,Core,1,1,1,1,1,1,1,1,1,1,1,1,1,NA,NA,NA,NA,NA
Crowley Towers_2021,Core,1,1,1,1,1,1,1,1,1,2,2,2,2,NA,NA,NA,NA,NA
D. Soto Canyon_2007,Non-core,1,1,1,1,1,1,1,1,NA,NA,NA,NA,NA,NA,NA,NA,NA,NA
D. Soto Canyon_2008,Non-core,0,0,0,0,0,0,NA,NA,NA,NA,NA,NA,NA,NA,NA,NA,NA,NA
D. Soto Canyon_2009,Non-core,0,0,0,1,2,2,2,2,2,NA,NA,NA,NA,NA,NA,NA,NA,NA
D. Soto Canyon_2010,Non-core,0,0,0,0,0,0,NA,NA,NA,NA,NA,NA,NA,NA,NA,NA,NA,NA
D. Soto Canyon_2011,Non-core,0,0,0,0,0,NA,NA,NA,NA,NA,NA,NA,NA,NA,NA,NA,NA,NA
D. Soto Canyon_2012,Non-core,0,0,0,0,NA,NA,NA,NA,NA,NA,NA,NA,NA,NA,NA,NA,NA,NA
D. Soto Canyon_2013,Non-core,0,0,0,NA,NA,NA,NA,NA,NA,NA,NA,NA,NA,NA,NA,NA,NA,NA
D. Soto Canyon_2014,Non-core,0,0,0,0,NA,NA,NA,NA,NA,NA,NA,NA,NA,NA,NA,NA,NA,NA
D. Soto Canyon_2015,Non-core,0,0,0,1,NA,NA,NA,NA,NA,NA,NA,NA,NA,NA,NA,NA,NA,NA
D. Soto Canyon_2016,Non-core,0,0,0,NA,NA,NA,NA,NA,NA,NA,NA,NA,NA,NA,NA,NA,NA,NA
D. Soto Canyon_2017,Non-core,0,0,0,NA,NA,NA,NA,NA,NA,NA,NA,NA,NA,NA,NA,NA,NA,NA
D. Soto Canyon_2018,Non-core,0,0,0,NA,NA,NA,NA,NA,NA,NA,NA,NA,NA,NA,NA,NA,NA,NA
D. Soto Canyon_2019,Non-core,0,0,0,NA,NA,NA,NA,NA,NA,NA,NA,NA,NA,NA,NA,NA,NA,NA
D. Soto Canyon_2020,Non-core,0,0,0,NA,NA,NA,NA,NA,NA,NA,NA,NA,NA,NA,NA,NA,NA,NA
D. Soto Canyon_2021,Non-core,0,0,0,NA,NA,NA,NA,NA,NA,NA,NA,NA,NA,NA,NA,NA,NA,NA
Deserted Valley_2007,Core,0,0,0,0,0,0,NA,NA,NA,NA,NA,NA,NA,NA,NA,NA,NA,NA
Deserted Valley_2008,Core,0,0,0,0,0,0,NA,NA,NA,NA,NA,NA,NA,NA,NA,NA,NA,NA
Deserted Valley_2009,Core,0,0,0,NA,NA,NA,NA,NA,NA,NA,NA,NA,NA,NA,NA,NA,NA,NA
Deserted Valley_2010,Core,0,0,0,0,0,NA,NA,NA,NA,NA,NA,NA,NA,NA,NA,NA,NA,NA
Deserted Valley_2011,Core,0,0,0,0,NA,NA,NA,NA,NA,NA,NA,NA,NA,NA,NA,NA,NA,NA
Deserted Valley_2012,Core,0,0,0,NA,NA,NA,NA,NA,NA,NA,NA,NA,NA,NA,NA,NA,NA,NA
Deserted Valley_2013,Core,0,0,0,NA,NA,NA,NA,NA,NA,NA,NA,NA,NA,NA,NA,NA,NA,NA
Deserted Valley_2014,Core,0,0,0,NA,NA,NA,NA,NA,NA,NA,NA,NA,NA,NA,NA,NA,NA,NA
Deserted Valley_2015,Core,0,0,0,NA,NA,NA,NA,NA,NA,NA,NA,NA,NA,NA,NA,NA,NA,NA
Deserted Valley_2016,Core,0,0,0,NA,NA,NA,NA,NA,NA,NA,NA,NA,NA,NA,NA,NA,NA,NA
Deserted Valley_2017,Core,0,0,NA,NA,NA,NA,NA,NA,NA,NA,NA,NA,NA,NA,NA,NA,NA,NA
Deserted Valley_2018,Core,0,0,0,NA,NA,NA,NA,NA,NA,NA,NA,NA,NA,NA,NA,NA,NA,NA
Deserted Valley_2019,Core,0,0,0,NA,NA,NA,NA,NA,NA,NA,NA,NA,NA,NA,NA,NA,NA,NA
Deserted Valley_2020,Core,0,0,NA,NA,NA,NA,NA,NA,NA,NA,NA,NA,NA,NA,NA,NA,NA,NA
Deserted Valley_2021,Core,0,0,0,0,NA,NA,NA,NA,NA,NA,NA,NA,NA,NA,NA,NA,NA,NA
Discovery Wall_2007,Core,0,0,0,0,NA,NA,NA,NA,NA,NA,NA,NA,NA,NA,NA,NA,NA,NA
Discovery Wall_2008,Core,0,0,0,0,NA,NA,NA,NA,NA,NA,NA,NA,NA,NA,NA,NA,NA,NA
Discovery Wall_2009,Core,1,2,2,1,1,2,2,2,2,NA,NA,NA,NA,NA,NA,NA,NA,NA
Discovery Wall_2010,Core,1,0,0,0,NA,NA,NA,NA,NA,NA,NA,NA,NA,NA,NA,NA,NA,NA
Discovery Wall_2011,Core,1,1,0,1,0,NA,NA,NA,NA,NA,NA,NA,NA,NA,NA,NA,NA,NA
Discovery Wall_2012,Core,0,0,0,0,NA,NA,NA,NA,NA,NA,NA,NA,NA,NA,NA,NA,NA,NA
Discovery Wall_2013,Core,0,0,0,0,NA,NA,NA,NA,NA,NA,NA,NA,NA,NA,NA,NA,NA,NA
Discovery Wall_2014,Core,0,0,0,NA,NA,NA,NA,NA,NA,NA,NA,NA,NA,NA,NA,NA,NA,NA
Discovery Wall_2015,Core,0,0,0,NA,NA,NA,NA,NA,NA,NA,NA,NA,NA,NA,NA,NA,NA,NA
Discovery Wall_2016,Core,0,0,0,NA,NA,NA,NA,NA,NA,NA,NA,NA,NA,NA,NA,NA,NA,NA
Discovery Wall_2017,Core,0,0,0,NA,NA,NA,NA,NA,NA,NA,NA,NA,NA,NA,NA,NA,NA,NA
Discovery Wall_2018,Core,0,0,0,NA,NA,NA,NA,NA,NA,NA,NA,NA,NA,NA,NA,NA,NA,NA
Discovery Wall_2019,Core,0,0,0,NA,NA,NA,NA,NA,NA,NA,NA,NA,NA,NA,NA,NA,NA,NA
Discovery Wall_2020,Core,0,0,0,NA,NA,NA,NA,NA,NA,NA,NA,NA,NA,NA,NA,NA,NA,NA
Discovery Wall_2021,Core,0,0,0,NA,NA,NA,NA,NA,NA,NA,NA,NA,NA,NA,NA,NA,NA,NA
Drywall_2007,Non-core,1,1,1,2,2,2,2,2,NA,NA,NA,NA,NA,NA,NA,NA,NA,NA
Drywall_2008,Non-core,0,1,1,2,2,2,2,2,NA,NA,NA,NA,NA,NA,NA,NA,NA,NA
Drywall_2009,Non-core,1,1,1,1,2,2,2,2,2,NA,NA,NA,NA,NA,NA,NA,NA,NA
Drywall_2010,Non-core,1,0,1,1,1,2,2,2,NA,NA,NA,NA,NA,NA,NA,NA,NA,NA
Drywall_2011,Non-core,1,1,1,1,2,2,2,2,NA,NA,NA,NA,NA,NA,NA,NA,NA,NA
Drywall_2012,Non-core,1,1,1,1,2,2,1,2,2,2,NA,NA,NA,NA,NA,NA,NA,NA
Drywall_2013,Non-core,1,1,1,2,2,2,2,2,NA,NA,NA,NA,NA,NA,NA,NA,NA,NA
Drywall_2014,Non-core,0,1,1,1,1,1,2,2,2,2,NA,NA,NA,NA,NA,NA,NA,NA
Drywall_2015,Non-core,0,1,1,0,0,NA,NA,NA,NA,NA,NA,NA,NA,NA,NA,NA,NA,NA
Drywall_2016,Non-core,0,0,0,1,1,1,1,1,NA,NA,NA,NA,NA,NA,NA,NA,NA,NA
Drywall_2017,Non-core,0,0,1,1,0,0,NA,NA,NA,NA,NA,NA,NA,NA,NA,NA,NA,NA
Drywall_2018,Non-core,0,0,0,NA,NA,NA,NA,NA,NA,NA,NA,NA,NA,NA,NA,NA,NA,NA
Drywall_2019,Non-core,1,0,1,1,0,0,NA,NA,NA,NA,NA,NA,NA,NA,NA,NA,NA,NA
Drywall_2020,Non-core,0,0,0,0,NA,NA,NA,NA,NA,NA,NA,NA,NA,NA,NA,NA,NA,NA
Drywall_2021,Non-core,0,1,1,1,1,2,2,2,NA,NA,NA,NA,NA,NA,NA,NA,NA,NA
Egg_2007,Core,1,1,0,NA,NA,NA,NA,NA,NA,NA,NA,NA,NA,NA,NA,NA,NA,NA
Egg_2008,Core,0,0,0,0,0,0,0,0,1,1,1,NA,NA,NA,NA,NA,NA,NA
Egg_2009,Core,1,0,0,1,1,1,2,2,2,NA,NA,NA,NA,NA,NA,NA,NA,NA
Egg_2010,Core,0,0,0,0,0,0,NA,NA,NA,NA,NA,NA,NA,NA,NA,NA,NA,NA
Egg_2011,Core,0,0,1,1,0,0,NA,NA,NA,NA,NA,NA,NA,NA,NA,NA,NA,NA
Egg_2012,Core,1,1,1,1,2,2,NA,NA,NA,NA,NA,NA,NA,NA,NA,NA,NA,NA
Egg_2013,Core,0,0,1,1,1,1,2,2,2,NA,NA,NA,NA,NA,NA,NA,NA,NA
Egg_2014,Core,1,0,1,1,1,1,2,2,2,NA,NA,NA,NA,NA,NA,NA,NA,NA
Egg_2015,Core,1,1,1,1,1,2,2,2,2,NA,NA,NA,NA,NA,NA,NA,NA,NA
Egg_2016,Core,0,1,1,1,1,NA,NA,NA,NA,NA,NA,NA,NA,NA,NA,NA,NA,NA
Egg_2017,Core,1,1,1,1,1,1,1,1,1,1,1,1,0,NA,NA,NA,NA,NA
Egg_2018,Core,0,0,1,1,1,2,2,2,2,2,2,2,NA,NA,NA,NA,NA,NA
Egg_2019,Core,0,1,1,1,1,1,2,2,2,2,2,NA,NA,NA,NA,NA,NA,NA
Egg_2020,Core,1,1,0,1,0,NA,NA,NA,NA,NA,NA,NA,NA,NA,NA,NA,NA,NA
Egg_2021,Core,0,0,0,1,NA,NA,NA,NA,NA,NA,NA,NA,NA,NA,NA,NA,NA,NA
Frog Canyon_2007,Non-core,0,0,0,0,NA,NA,NA,NA,NA,NA,NA,NA,NA,NA,NA,NA,NA,NA
Frog Canyon_2008,Non-core,0,0,0,0,NA,NA,NA,NA,NA,NA,NA,NA,NA,NA,NA,NA,NA,NA
Frog Canyon_2009,Non-core,0,0,0,0,0,NA,NA,NA,NA,NA,NA,NA,NA,NA,NA,NA,NA,NA
Frog Canyon_2010,Non-core,0,0,0,0,0,0,NA,NA,NA,NA,NA,NA,NA,NA,NA,NA,NA,NA
Frog Canyon_2011,Non-core,0,0,0,0,0,0,NA,NA,NA,NA,NA,NA,NA,NA,NA,NA,NA,NA
Frog Canyon_2012,Non-core,0,0,0,NA,NA,NA,NA,NA,NA,NA,NA,NA,NA,NA,NA,NA,NA,NA
Frog Canyon_2013,Non-core,0,0,0,0,1,NA,NA,NA,NA,NA,NA,NA,NA,NA,NA,NA,NA,NA
Frog Canyon_2014,Non-core,1,0,0,0,NA,NA,NA,NA,NA,NA,NA,NA,NA,NA,NA,NA,NA,NA
Frog Canyon_2015,Non-core,0,0,0,0,0,NA,NA,NA,NA,NA,NA,NA,NA,NA,NA,NA,NA,NA
Frog Canyon_2016,Non-core,0,0,0,0,0,NA,NA,NA,NA,NA,NA,NA,NA,NA,NA,NA,NA,NA
Frog Canyon_2017,Non-core,0,0,0,NA,NA,NA,NA,NA,NA,NA,NA,NA,NA,NA,NA,NA,NA,NA
Frog Canyon_2018,Non-core,0,0,0,NA,NA,NA,NA,NA,NA,NA,NA,NA,NA,NA,NA,NA,NA,NA
Frog Canyon_2019,Non-core,0,0,0,NA,NA,NA,NA,NA,NA,NA,NA,NA,NA,NA,NA,NA,NA,NA
Frog Canyon_2020,Non-core,0,0,0,0,0,NA,NA,NA,NA,NA,NA,NA,NA,NA,NA,NA,NA,NA
Frog Canyon_2021,Non-core,0,0,0,0,NA,NA,NA,NA,NA,NA,NA,NA,NA,NA,NA,NA,NA,NA
Frog/Hand_2007,Core,1,0,0,0,0,NA,NA,NA,NA,NA,NA,NA,NA,NA,NA,NA,NA,NA
Frog/Hand_2008,Core,0,0,0,0,0,0,1,NA,NA,NA,NA,NA,NA,NA,NA,NA,NA,NA
Frog/Hand_2009,Core,0,0,0,0,NA,NA,NA,NA,NA,NA,NA,NA,NA,NA,NA,NA,NA,NA
Frog/Hand_2010,Core,0,0,0,0,0,NA,NA,NA,NA,NA,NA,NA,NA,NA,NA,NA,NA,NA
Frog/Hand_2011,Core,0,0,0,0,0,NA,NA,NA,NA,NA,NA,NA,NA,NA,NA,NA,NA,NA
Frog/Hand_2012,Core,0,0,0,0,NA,NA,NA,NA,NA,NA,NA,NA,NA,NA,NA,NA,NA,NA
Frog/Hand_2013,Core,0,0,0,0,NA,NA,NA,NA,NA,NA,NA,NA,NA,NA,NA,NA,NA,NA
Frog/Hand_2014,Core,0,0,0,0,NA,NA,NA,NA,NA,NA,NA,NA,NA,NA,NA,NA,NA,NA
Frog/Hand_2015,Core,0,0,0,NA,NA,NA,NA,NA,NA,NA,NA,NA,NA,NA,NA,NA,NA,NA
Frog/Hand_2016,Core,0,0,1,NA,NA,NA,NA,NA,NA,NA,NA,NA,NA,NA,NA,NA,NA,NA
Frog/Hand_2017,Core,0,1,0,NA,NA,NA,NA,NA,NA,NA,NA,NA,NA,NA,NA,NA,NA,NA
Frog/Hand_2018,Core,0,0,0,NA,NA,NA,NA,NA,NA,NA,NA,NA,NA,NA,NA,NA,NA,NA
Frog/Hand_2019,Core,0,0,0,NA,NA,NA,NA,NA,NA,NA,NA,NA,NA,NA,NA,NA,NA,NA
Frog/Hand_2020,Core,0,0,0,NA,NA,NA,NA,NA,NA,NA,NA,NA,NA,NA,NA,NA,NA,NA
Frog/Hand_2021,Core,0,0,0,NA,NA,NA,NA,NA,NA,NA,NA,NA,NA,NA,NA,NA,NA,NA
General Balconies_2007,Core,0,0,0,0,0,0,NA,NA,NA,NA,NA,NA,NA,NA,NA,NA,NA,NA
General Balconies_2008,Core,0,0,0,0,0,0,NA,NA,NA,NA,NA,NA,NA,NA,NA,NA,NA,NA
General Balconies_2009,Core,0,0,0,0,NA,NA,NA,NA,NA,NA,NA,NA,NA,NA,NA,NA,NA,NA
General Balconies_2010,Core,0,0,0,0,NA,NA,NA,NA,NA,NA,NA,NA,NA,NA,NA,NA,NA,NA
General Balconies_2011,Core,1,1,0,0,0,2,NA,NA,NA,NA,NA,NA,NA,NA,NA,NA,NA,NA
General Balconies_2012,Core,1,1,1,1,1,1,0,0,NA,NA,NA,NA,NA,NA,NA,NA,NA,NA
General Balconies_2013,Core,0,0,0,0,0,NA,NA,NA,NA,NA,NA,NA,NA,NA,NA,NA,NA,NA
General Balconies_2014,Core,0,0,0,0,0,NA,NA,NA,NA,NA,NA,NA,NA,NA,NA,NA,NA,NA
General Balconies_2015,Core,0,0,0,NA,NA,NA,NA,NA,NA,NA,NA,NA,NA,NA,NA,NA,NA,NA
General Balconies_2016,Core,0,0,0,0,0,NA,NA,NA,NA,NA,NA,NA,NA,NA,NA,NA,NA,NA
General Balconies_2017,Core,0,0,0,0,0,NA,NA,NA,NA,NA,NA,NA,NA,NA,NA,NA,NA,NA
General Balconies_2018,Core,0,0,0,0,NA,NA,NA,NA,NA,NA,NA,NA,NA,NA,NA,NA,NA,NA
General Balconies_2019,Core,0,0,0,NA,NA,NA,NA,NA,NA,NA,NA,NA,NA,NA,NA,NA,NA,NA
General Balconies_2020,Core,0,0,0,0,0,NA,NA,NA,NA,NA,NA,NA,NA,NA,NA,NA,NA,NA
General Balconies_2021,Core,0,0,0,NA,NA,NA,NA,NA,NA,NA,NA,NA,NA,NA,NA,NA,NA,NA
Goat Rock_2007,Core,1,1,1,1,1,1,1,2,NA,NA,NA,NA,NA,NA,NA,NA,NA,NA
Goat Rock_2008,Core,1,1,1,1,1,0,1,0,1,NA,NA,NA,NA,NA,NA,NA,NA,NA
Goat Rock_2009,Core,0,0,0,1,1,1,2,2,2,2,2,2,2,2,NA,NA,NA,NA
Goat Rock_2010,Core,1,1,1,1,1,1,1,1,2,2,2,2,2,NA,NA,NA,NA,NA
Goat Rock_2011,Core,1,1,1,0,1,0,0,NA,NA,NA,NA,NA,NA,NA,NA,NA,NA,NA
Goat Rock_2012,Core,0,1,1,1,NA,NA,NA,NA,NA,NA,NA,NA,NA,NA,NA,NA,NA,NA
Goat Rock_2013,Core,0,0,0,0,NA,NA,NA,NA,NA,NA,NA,NA,NA,NA,NA,NA,NA,NA
Goat Rock_2014,Core,0,0,0,0,0,1,NA,NA,NA,NA,NA,NA,NA,NA,NA,NA,NA,NA
Goat Rock_2015,Core,0,1,0,1,1,NA,NA,NA,NA,NA,NA,NA,NA,NA,NA,NA,NA,NA
Goat Rock_2016,Core,0,1,1,1,0,NA,NA,NA,NA,NA,NA,NA,NA,NA,NA,NA,NA,NA
Goat Rock_2017,Core,0,1,0,0,NA,NA,NA,NA,NA,NA,NA,NA,NA,NA,NA,NA,NA,NA
Goat Rock_2018,Core,0,0,0,0,0,NA,NA,NA,NA,NA,NA,NA,NA,NA,NA,NA,NA,NA
Goat Rock_2019,Core,0,1,0,1,NA,NA,NA,NA,NA,NA,NA,NA,NA,NA,NA,NA,NA,NA
Goat Rock_2020,Core,0,1,1,NA,NA,NA,NA,NA,NA,NA,NA,NA,NA,NA,NA,NA,NA,NA
Goat Rock_2021,Core,0,0,0,1,NA,NA,NA,NA,NA,NA,NA,NA,NA,NA,NA,NA,NA,NA
Guard Rock_2007,Non-core,0,0,0,NA,NA,NA,NA,NA,NA,NA,NA,NA,NA,NA,NA,NA,NA,NA
Guard Rock_2008,Non-core,0,0,0,0,0,NA,NA,NA,NA,NA,NA,NA,NA,NA,NA,NA,NA,NA
Guard Rock_2009,Non-core,0,0,0,0,NA,NA,NA,NA,NA,NA,NA,NA,NA,NA,NA,NA,NA,NA
Guard Rock_2010,Non-core,0,0,0,0,0,1,1,1,1,NA,NA,NA,NA,NA,NA,NA,NA,NA
Guard Rock_2011,Non-core,0,0,0,0,NA,NA,NA,NA,NA,NA,NA,NA,NA,NA,NA,NA,NA,NA
Guard Rock_2012,Non-core,0,0,0,0,NA,NA,NA,NA,NA,NA,NA,NA,NA,NA,NA,NA,NA,NA
Guard Rock_2013,Non-core,0,0,0,NA,NA,NA,NA,NA,NA,NA,NA,NA,NA,NA,NA,NA,NA,NA
Guard Rock_2014,Non-core,0,0,0,0,NA,NA,NA,NA,NA,NA,NA,NA,NA,NA,NA,NA,NA,NA
Guard Rock_2015,Non-core,0,0,0,NA,NA,NA,NA,NA,NA,NA,NA,NA,NA,NA,NA,NA,NA,NA
Guard Rock_2016,Non-core,0,0,0,NA,NA,NA,NA,NA,NA,NA,NA,NA,NA,NA,NA,NA,NA,NA
Guard Rock_2017,Non-core,0,0,0,NA,NA,NA,NA,NA,NA,NA,NA,NA,NA,NA,NA,NA,NA,NA
Guard Rock_2018,Non-core,0,0,0,NA,NA,NA,NA,NA,NA,NA,NA,NA,NA,NA,NA,NA,NA,NA
Guard Rock_2019,Non-core,0,0,0,NA,NA,NA,NA,NA,NA,NA,NA,NA,NA,NA,NA,NA,NA,NA
Guard Rock_2020,Non-core,0,0,0,NA,NA,NA,NA,NA,NA,NA,NA,NA,NA,NA,NA,NA,NA,NA
Guard Rock_2021,Non-core,0,0,0,NA,NA,NA,NA,NA,NA,NA,NA,NA,NA,NA,NA,NA,NA,NA
Hanging Valley_2007,Core,0,0,0,NA,NA,NA,NA,NA,NA,NA,NA,NA,NA,NA,NA,NA,NA,NA
Hanging Valley_2008,Core,0,0,0,0,NA,NA,NA,NA,NA,NA,NA,NA,NA,NA,NA,NA,NA,NA
Hanging Valley_2009,Core,0,0,0,0,0,NA,NA,NA,NA,NA,NA,NA,NA,NA,NA,NA,NA,NA
Hanging Valley_2010,Core,0,0,0,0,0,0,0,0,0,NA,NA,NA,NA,NA,NA,NA,NA,NA
Hanging Valley_2011,Core,0,0,0,0,0,0,NA,NA,NA,NA,NA,NA,NA,NA,NA,NA,NA,NA
Hanging Valley_2012,Core,0,0,1,1,1,1,1,1,1,1,NA,NA,NA,NA,NA,NA,NA,NA
Hanging Valley_2013,Core,0,0,0,0,NA,NA,NA,NA,NA,NA,NA,NA,NA,NA,NA,NA,NA,NA
Hanging Valley_2014,Core,0,1,0,0,0,1,NA,NA,NA,NA,NA,NA,NA,NA,NA,NA,NA,NA
Hanging Valley_2015,Core,0,0,0,0,0,NA,NA,NA,NA,NA,NA,NA,NA,NA,NA,NA,NA,NA
Hanging Valley_2016,Core,0,0,0,0,0,0,NA,NA,NA,NA,NA,NA,NA,NA,NA,NA,NA,NA
Hanging Valley_2017,Core,0,0,1,0,NA,NA,NA,NA,NA,NA,NA,NA,NA,NA,NA,NA,NA,NA
Hanging Valley_2018,Core,0,0,0,NA,NA,NA,NA,NA,NA,NA,NA,NA,NA,NA,NA,NA,NA,NA
Hanging Valley_2019,Core,0,0,0,NA,NA,NA,NA,NA,NA,NA,NA,NA,NA,NA,NA,NA,NA,NA
Hanging Valley_2020,Core,0,0,0,0,0,NA,NA,NA,NA,NA,NA,NA,NA,NA,NA,NA,NA,NA
Hanging Valley_2021,Core,0,0,0,0,NA,NA,NA,NA,NA,NA,NA,NA,NA,NA,NA,NA,NA,NA
Hawkins Peak_2007,Core,0,0,0,0,0,0,1,0,0,NA,NA,NA,NA,NA,NA,NA,NA,NA
Hawkins Peak_2008,Core,0,1,1,0,0,0,0,0,0,0,0,0,0,0,NA,NA,NA,NA
Hawkins Peak_2009,Core,1,0,0,0,0,0,0,0,0,0,0,NA,NA,NA,NA,NA,NA,NA
Hawkins Peak_2010,Core,0,0,0,0,0,0,0,0,0,NA,NA,NA,NA,NA,NA,NA,NA,NA
Hawkins Peak_2011,Core,0,0,0,0,0,0,0,NA,NA,NA,NA,NA,NA,NA,NA,NA,NA,NA
Hawkins Peak_2012,Core,0,0,0,0,0,0,NA,NA,NA,NA,NA,NA,NA,NA,NA,NA,NA,NA
Hawkins Peak_2013,Core,0,0,0,0,0,0,0,0,NA,NA,NA,NA,NA,NA,NA,NA,NA,NA
Hawkins Peak_2014,Core,0,0,0,0,0,0,0,NA,NA,NA,NA,NA,NA,NA,NA,NA,NA,NA
Hawkins Peak_2015,Core,0,0,0,NA,NA,NA,NA,NA,NA,NA,NA,NA,NA,NA,NA,NA,NA,NA
Hawkins Peak_2016,Core,0,0,0,0,0,NA,NA,NA,NA,NA,NA,NA,NA,NA,NA,NA,NA,NA
Hawkins Peak_2017,Core,0,0,0,0,NA,NA,NA,NA,NA,NA,NA,NA,NA,NA,NA,NA,NA,NA
Hawkins Peak_2018,Core,0,0,0,NA,NA,NA,NA,NA,NA,NA,NA,NA,NA,NA,NA,NA,NA,NA
Hawkins Peak_2019,Core,0,0,0,0,0,NA,NA,NA,NA,NA,NA,NA,NA,NA,NA,NA,NA,NA
Hawkins Peak_2020,Core,0,0,0,0,NA,NA,NA,NA,NA,NA,NA,NA,NA,NA,NA,NA,NA,NA
Hawkins Peak_2021,Core,0,0,0,NA,NA,NA,NA,NA,NA,NA,NA,NA,NA,NA,NA,NA,NA,NA
High Peaks Trail West of Chalone Picnic Area_2007,Non-core,0,0,0,NA,NA,NA,NA,NA,NA,NA,NA,NA,NA,NA,NA,NA,NA,NA
High Peaks Trail West of Chalone Picnic Area_2008,Non-core,0,0,0,0,0,NA,NA,NA,NA,NA,NA,NA,NA,NA,NA,NA,NA,NA
High Peaks Trail West of Chalone Picnic Area_2009,Non-core,0,0,0,0,NA,NA,NA,NA,NA,NA,NA,NA,NA,NA,NA,NA,NA,NA
High Peaks Trail West of Chalone Picnic Area_2010,Non-core,0,0,0,0,0,0,NA,NA,NA,NA,NA,NA,NA,NA,NA,NA,NA,NA
High Peaks Trail West of Chalone Picnic Area_2011,Non-core,0,0,0,0,NA,NA,NA,NA,NA,NA,NA,NA,NA,NA,NA,NA,NA,NA
High Peaks Trail West of Chalone Picnic Area_2012,Non-core,0,0,0,0,NA,NA,NA,NA,NA,NA,NA,NA,NA,NA,NA,NA,NA,NA
High Peaks Trail West of Chalone Picnic Area_2013,Non-core,0,0,0,NA,NA,NA,NA,NA,NA,NA,NA,NA,NA,NA,NA,NA,NA,NA
High Peaks Trail West of Chalone Picnic Area_2014,Non-core,0,0,0,0,NA,NA,NA,NA,NA,NA,NA,NA,NA,NA,NA,NA,NA,NA
High Peaks Trail West of Chalone Picnic Area_2015,Non-core,0,0,0,NA,NA,NA,NA,NA,NA,NA,NA,NA,NA,NA,NA,NA,NA,NA
High Peaks Trail West of Chalone Picnic Area_2016,Non-core,0,0,0,NA,NA,NA,NA,NA,NA,NA,NA,NA,NA,NA,NA,NA,NA,NA
High Peaks Trail West of Chalone Picnic Area_2017,Non-core,0,0,0,NA,NA,NA,NA,NA,NA,NA,NA,NA,NA,NA,NA,NA,NA,NA
High Peaks Trail West of Chalone Picnic Area_2018,Non-core,0,0,0,NA,NA,NA,NA,NA,NA,NA,NA,NA,NA,NA,NA,NA,NA,NA
High Peaks Trail West of Chalone Picnic Area_2019,Non-core,0,0,0,NA,NA,NA,NA,NA,NA,NA,NA,NA,NA,NA,NA,NA,NA,NA
High Peaks Trail West of Chalone Picnic Area_2020,Non-core,0,0,0,NA,NA,NA,NA,NA,NA,NA,NA,NA,NA,NA,NA,NA,NA,NA
High Peaks Trail West of Chalone Picnic Area_2021,Non-core,0,0,0,NA,NA,NA,NA,NA,NA,NA,NA,NA,NA,NA,NA,NA,NA,NA
Little Pinnacles_2007,Core,1,1,0,1,1,2,1,2,2,2,NA,NA,NA,NA,NA,NA,NA,NA
Little Pinnacles_2008,Core,1,1,1,1,1,2,2,2,2,NA,NA,NA,NA,NA,NA,NA,NA,NA
Little Pinnacles_2009,Core,1,1,1,1,1,2,2,1,2,2,NA,NA,NA,NA,NA,NA,NA,NA
Little Pinnacles_2010,Core,1,1,1,1,1,1,1,1,2,1,2,2,2,NA,NA,NA,NA,NA
Little Pinnacles_2011,Core,1,1,1,1,1,1,1,1,1,1,1,0,0,NA,NA,NA,NA,NA
Little Pinnacles_2012,Core,1,0,1,1,1,1,1,NA,NA,NA,NA,NA,NA,NA,NA,NA,NA,NA
Little Pinnacles_2013,Core,0,0,0,0,0,1,1,1,1,1,2,2,2,2,NA,NA,NA,NA
Little Pinnacles_2014,Core,1,1,1,1,1,1,1,1,0,NA,NA,NA,NA,NA,NA,NA,NA,NA
Little Pinnacles_2015,Core,0,0,0,0,0,0,1,1,NA,NA,NA,NA,NA,NA,NA,NA,NA,NA
Little Pinnacles_2016,Core,0,1,1,0,0,0,NA,NA,NA,NA,NA,NA,NA,NA,NA,NA,NA,NA
Little Pinnacles_2017,Core,1,1,1,1,1,1,1,0,1,NA,NA,NA,NA,NA,NA,NA,NA,NA
Little Pinnacles_2018,Core,0,1,1,1,1,1,1,NA,NA,NA,NA,NA,NA,NA,NA,NA,NA,NA
Little Pinnacles_2019,Core,0,0,1,0,1,1,0,NA,NA,NA,NA,NA,NA,NA,NA,NA,NA,NA
Little Pinnacles_2020,Core,0,0,0,0,0,NA,NA,NA,NA,NA,NA,NA,NA,NA,NA,NA,NA,NA
Little Pinnacles_2021,Core,0,0,0,0,NA,NA,NA,NA,NA,NA,NA,NA,NA,NA,NA,NA,NA,NA
Machete Ridge_2007,Core,0,0,1,1,1,2,2,2,2,2,2,NA,NA,NA,NA,NA,NA,NA
Machete Ridge_2008,Core,0,1,1,1,1,1,1,1,1,1,1,NA,NA,NA,NA,NA,NA,NA
Machete Ridge_2009,Core,1,1,1,2,2,2,2,2,NA,NA,NA,NA,NA,NA,NA,NA,NA,NA
Machete Ridge_2010,Core,1,1,1,1,1,0,0,NA,NA,NA,NA,NA,NA,NA,NA,NA,NA,NA
Machete Ridge_2011,Core,1,1,1,0,0,2,NA,NA,NA,NA,NA,NA,NA,NA,NA,NA,NA,NA
Machete Ridge_2012,Core,1,1,1,1,1,1,1,1,1,1,1,1,NA,NA,NA,NA,NA,NA
Machete Ridge_2013,Core,0,1,1,0,0,NA,NA,NA,NA,NA,NA,NA,NA,NA,NA,NA,NA,NA
Machete Ridge_2014,Core,0,1,0,0,NA,NA,NA,NA,NA,NA,NA,NA,NA,NA,NA,NA,NA,NA
Machete Ridge_2015,Core,0,0,0,0,NA,NA,NA,NA,NA,NA,NA,NA,NA,NA,NA,NA,NA,NA
Machete Ridge_2016,Core,0,0,0,0,0,0,NA,NA,NA,NA,NA,NA,NA,NA,NA,NA,NA,NA
Machete Ridge_2017,Core,0,0,0,0,0,NA,NA,NA,NA,NA,NA,NA,NA,NA,NA,NA,NA,NA
Machete Ridge_2018,Core,0,0,0,0,NA,NA,NA,NA,NA,NA,NA,NA,NA,NA,NA,NA,NA,NA
Machete Ridge_2019,Core,0,0,0,NA,NA,NA,NA,NA,NA,NA,NA,NA,NA,NA,NA,NA,NA,NA
Machete Ridge_2020,Core,0,0,0,0,NA,NA,NA,NA,NA,NA,NA,NA,NA,NA,NA,NA,NA,NA
Machete Ridge_2021,Core,0,0,0,0,NA,NA,NA,NA,NA,NA,NA,NA,NA,NA,NA,NA,NA,NA
Mating Rocks_2007,Non-core,0,0,0,0,NA,NA,NA,NA,NA,NA,NA,NA,NA,NA,NA,NA,NA,NA
Mating Rocks_2008,Non-core,0,0,0,0,NA,NA,NA,NA,NA,NA,NA,NA,NA,NA,NA,NA,NA,NA
Mating Rocks_2009,Non-core,0,0,0,NA,NA,NA,NA,NA,NA,NA,NA,NA,NA,NA,NA,NA,NA,NA
Mating Rocks_2010,Non-core,0,0,0,0,0,0,0,NA,NA,NA,NA,NA,NA,NA,NA,NA,NA,NA
Mating Rocks_2011,Non-core,0,0,0,0,0,NA,NA,NA,NA,NA,NA,NA,NA,NA,NA,NA,NA,NA
Mating Rocks_2012,Non-core,0,0,0,0,NA,NA,NA,NA,NA,NA,NA,NA,NA,NA,NA,NA,NA,NA
Mating Rocks_2013,Non-core,0,0,0,0,NA,NA,NA,NA,NA,NA,NA,NA,NA,NA,NA,NA,NA,NA
Mating Rocks_2014,Non-core,0,0,0,NA,NA,NA,NA,NA,NA,NA,NA,NA,NA,NA,NA,NA,NA,NA
Mating Rocks_2015,Non-core,0,0,0,NA,NA,NA,NA,NA,NA,NA,NA,NA,NA,NA,NA,NA,NA,NA
Mating Rocks_2016,Non-core,0,0,0,NA,NA,NA,NA,NA,NA,NA,NA,NA,NA,NA,NA,NA,NA,NA
Mating Rocks_2017,Non-core,0,0,0,NA,NA,NA,NA,NA,NA,NA,NA,NA,NA,NA,NA,NA,NA,NA
Mating Rocks_2018,Non-core,0,0,0,0,NA,NA,NA,NA,NA,NA,NA,NA,NA,NA,NA,NA,NA,NA
Mating Rocks_2019,Non-core,0,0,0,NA,NA,NA,NA,NA,NA,NA,NA,NA,NA,NA,NA,NA,NA,NA
Mating Rocks_2020,Non-core,0,0,0,NA,NA,NA,NA,NA,NA,NA,NA,NA,NA,NA,NA,NA,NA,NA
Mating Rocks_2021,Non-core,0,0,0,NA,NA,NA,NA,NA,NA,NA,NA,NA,NA,NA,NA,NA,NA,NA
Narrows East Fork of Marion Canyon_2007,Non-core,1,0,0,NA,NA,NA,NA,NA,NA,NA,NA,NA,NA,NA,NA,NA,NA,NA
Narrows East Fork of Marion Canyon_2008,Non-core,0,0,0,NA,NA,NA,NA,NA,NA,NA,NA,NA,NA,NA,NA,NA,NA,NA
Narrows East Fork of Marion Canyon_2009,Non-core,0,0,NA,NA,NA,NA,NA,NA,NA,NA,NA,NA,NA,NA,NA,NA,NA,NA
Narrows East Fork of Marion Canyon_2010,Non-core,0,0,NA,NA,NA,NA,NA,NA,NA,NA,NA,NA,NA,NA,NA,NA,NA,NA
Narrows East Fork of Marion Canyon_2011,Non-core,0,0,0,NA,NA,NA,NA,NA,NA,NA,NA,NA,NA,NA,NA,NA,NA,NA
Narrows East Fork of Marion Canyon_2012,Non-core,0,0,0,NA,NA,NA,NA,NA,NA,NA,NA,NA,NA,NA,NA,NA,NA,NA
Narrows East Fork of Marion Canyon_2013,Non-core,0,0,0,NA,NA,NA,NA,NA,NA,NA,NA,NA,NA,NA,NA,NA,NA,NA
Narrows East Fork of Marion Canyon_2014,Non-core,0,0,0,NA,NA,NA,NA,NA,NA,NA,NA,NA,NA,NA,NA,NA,NA,NA
Narrows East Fork of Marion Canyon_2015,Non-core,0,0,0,NA,NA,NA,NA,NA,NA,NA,NA,NA,NA,NA,NA,NA,NA,NA
Narrows East Fork of Marion Canyon_2016,Non-core,0,0,0,NA,NA,NA,NA,NA,NA,NA,NA,NA,NA,NA,NA,NA,NA,NA
Narrows East Fork of Marion Canyon_2017,Non-core,0,0,0,NA,NA,NA,NA,NA,NA,NA,NA,NA,NA,NA,NA,NA,NA,NA
Narrows East Fork of Marion Canyon_2018,Non-core,0,0,0,NA,NA,NA,NA,NA,NA,NA,NA,NA,NA,NA,NA,NA,NA,NA
Narrows East Fork of Marion Canyon_2019,Non-core,0,0,0,0,NA,NA,NA,NA,NA,NA,NA,NA,NA,NA,NA,NA,NA,NA
Narrows East Fork of Marion Canyon_2020,Non-core,0,0,0,NA,NA,NA,NA,NA,NA,NA,NA,NA,NA,NA,NA,NA,NA,NA
Narrows East Fork of Marion Canyon_2021,Non-core,0,0,0,NA,NA,NA,NA,NA,NA,NA,NA,NA,NA,NA,NA,NA,NA,NA
NE Sec 15_2007,Non-core,0,0,1,1,1,0,0,NA,NA,NA,NA,NA,NA,NA,NA,NA,NA,NA
NE Sec 15_2008,Non-core,1,1,0,0,NA,NA,NA,NA,NA,NA,NA,NA,NA,NA,NA,NA,NA,NA
NE Sec 15_2009,Non-core,0,0,0,NA,NA,NA,NA,NA,NA,NA,NA,NA,NA,NA,NA,NA,NA,NA
NE Sec 15_2010,Non-core,1,1,0,NA,NA,NA,NA,NA,NA,NA,NA,NA,NA,NA,NA,NA,NA,NA
NE Sec 15_2011,Non-core,1,0,1,1,1,0,0,NA,NA,NA,NA,NA,NA,NA,NA,NA,NA,NA
NE Sec 15_2012,Non-core,1,1,1,1,0,0,NA,NA,NA,NA,NA,NA,NA,NA,NA,NA,NA,NA
NE Sec 15_2013,Non-core,0,0,0,0,1,1,1,2,2,2,2,NA,NA,NA,NA,NA,NA,NA
NE Sec 15_2014,Non-core,1,1,1,1,1,1,1,1,1,0,NA,NA,NA,NA,NA,NA,NA,NA
NE Sec 15_2015,Non-core,1,1,0,1,1,1,1,1,1,0,NA,NA,NA,NA,NA,NA,NA,NA
NE Sec 15_2016,Non-core,0,0,0,NA,NA,NA,NA,NA,NA,NA,NA,NA,NA,NA,NA,NA,NA,NA
NE Sec 15_2017,Non-core,0,0,0,NA,NA,NA,NA,NA,NA,NA,NA,NA,NA,NA,NA,NA,NA,NA
NE Sec 15_2018,Non-core,0,0,0,NA,NA,NA,NA,NA,NA,NA,NA,NA,NA,NA,NA,NA,NA,NA
NE Sec 15_2019,Non-core,0,0,NA,NA,NA,NA,NA,NA,NA,NA,NA,NA,NA,NA,NA,NA,NA,NA
NE Sec 15_2020,Non-core,0,0,NA,NA,NA,NA,NA,NA,NA,NA,NA,NA,NA,NA,NA,NA,NA,NA
NE Sec 15_2021,Non-core,0,0,0,NA,NA,NA,NA,NA,NA,NA,NA,NA,NA,NA,NA,NA,NA,NA
Neglected Valley_2007,Core,0,0,0,0,NA,NA,NA,NA,NA,NA,NA,NA,NA,NA,NA,NA,NA,NA
Neglected Valley_2008,Core,1,0,0,0,NA,NA,NA,NA,NA,NA,NA,NA,NA,NA,NA,NA,NA,NA
Neglected Valley_2009,Core,0,0,0,NA,NA,NA,NA,NA,NA,NA,NA,NA,NA,NA,NA,NA,NA,NA
Neglected Valley_2010,Core,0,0,NA,NA,NA,NA,NA,NA,NA,NA,NA,NA,NA,NA,NA,NA,NA,NA
Neglected Valley_2011,Core,0,0,1,0,NA,NA,NA,NA,NA,NA,NA,NA,NA,NA,NA,NA,NA,NA
Neglected Valley_2012,Core,0,0,0,0,NA,NA,NA,NA,NA,NA,NA,NA,NA,NA,NA,NA,NA,NA
Neglected Valley_2013,Core,0,0,0,0,NA,NA,NA,NA,NA,NA,NA,NA,NA,NA,NA,NA,NA,NA
Neglected Valley_2014,Core,0,1,1,1,NA,NA,NA,NA,NA,NA,NA,NA,NA,NA,NA,NA,NA,NA
Neglected Valley_2015,Core,0,0,0,NA,NA,NA,NA,NA,NA,NA,NA,NA,NA,NA,NA,NA,NA,NA
Neglected Valley_2016,Core,0,0,0,0,NA,NA,NA,NA,NA,NA,NA,NA,NA,NA,NA,NA,NA,NA
Neglected Valley_2017,Core,0,1,0,0,NA,NA,NA,NA,NA,NA,NA,NA,NA,NA,NA,NA,NA,NA
Neglected Valley_2018,Core,1,0,0,NA,NA,NA,NA,NA,NA,NA,NA,NA,NA,NA,NA,NA,NA,NA
Neglected Valley_2019,Core,0,1,1,1,NA,NA,NA,NA,NA,NA,NA,NA,NA,NA,NA,NA,NA,NA
Neglected Valley_2020,Core,0,1,1,NA,NA,NA,NA,NA,NA,NA,NA,NA,NA,NA,NA,NA,NA,NA
Neglected Valley_2021,Core,0,0,0,0,0,NA,NA,NA,NA,NA,NA,NA,NA,NA,NA,NA,NA,NA
North Balconies_2007,Core,0,0,0,0,0,NA,NA,NA,NA,NA,NA,NA,NA,NA,NA,NA,NA,NA
North Balconies_2008,Core,1,0,0,0,0,0,0,0,NA,NA,NA,NA,NA,NA,NA,NA,NA,NA
North Balconies_2009,Core,0,1,0,0,0,NA,NA,NA,NA,NA,NA,NA,NA,NA,NA,NA,NA,NA
North Balconies_2010,Core,0,0,0,0,NA,NA,NA,NA,NA,NA,NA,NA,NA,NA,NA,NA,NA,NA
North Balconies_2011,Core,0,1,0,0,0,NA,NA,NA,NA,NA,NA,NA,NA,NA,NA,NA,NA,NA
North Balconies_2012,Core,0,0,0,0,NA,NA,NA,NA,NA,NA,NA,NA,NA,NA,NA,NA,NA,NA
North Balconies_2013,Core,0,0,0,0,NA,NA,NA,NA,NA,NA,NA,NA,NA,NA,NA,NA,NA,NA
North Balconies_2014,Core,0,0,0,1,0,NA,NA,NA,NA,NA,NA,NA,NA,NA,NA,NA,NA,NA
North Balconies_2015,Core,0,0,0,0,NA,NA,NA,NA,NA,NA,NA,NA,NA,NA,NA,NA,NA,NA
North Balconies_2016,Core,0,0,0,0,0,NA,NA,NA,NA,NA,NA,NA,NA,NA,NA,NA,NA,NA
North Balconies_2017,Core,0,0,1,0,NA,NA,NA,NA,NA,NA,NA,NA,NA,NA,NA,NA,NA,NA
North Balconies_2018,Core,0,0,0,0,0,NA,NA,NA,NA,NA,NA,NA,NA,NA,NA,NA,NA,NA
North Balconies_2019,Core,0,0,0,NA,NA,NA,NA,NA,NA,NA,NA,NA,NA,NA,NA,NA,NA,NA
North Balconies_2020,Core,0,0,0,NA,NA,NA,NA,NA,NA,NA,NA,NA,NA,NA,NA,NA,NA,NA
North Balconies_2021,Core,0,0,0,NA,NA,NA,NA,NA,NA,NA,NA,NA,NA,NA,NA,NA,NA,NA
North Chalone Peak_2007,Non-core,1,1,0,0,NA,NA,NA,NA,NA,NA,NA,NA,NA,NA,NA,NA,NA,NA
North Chalone Peak_2008,Non-core,0,0,0,1,NA,NA,NA,NA,NA,NA,NA,NA,NA,NA,NA,NA,NA,NA
North Chalone Peak_2009,Non-core,1,1,1,2,2,2,2,NA,NA,NA,NA,NA,NA,NA,NA,NA,NA,NA
North Chalone Peak_2010,Non-core,0,0,2,2,2,2,2,2,NA,NA,NA,NA,NA,NA,NA,NA,NA,NA
North Chalone Peak_2011,Non-core,0,0,0,1,2,2,2,2,NA,NA,NA,NA,NA,NA,NA,NA,NA,NA
North Chalone Peak_2012,Non-core,0,1,1,2,2,2,2,NA,NA,NA,NA,NA,NA,NA,NA,NA,NA,NA
North Chalone Peak_2013,Non-core,0,1,1,1,1,0,2,2,1,2,2,NA,NA,NA,NA,NA,NA,NA
North Chalone Peak_2014,Non-core,1,1,1,1,1,1,NA,NA,NA,NA,NA,NA,NA,NA,NA,NA,NA,NA
North Chalone Peak_2015,Non-core,1,1,2,2,2,2,2,2,2,NA,NA,NA,NA,NA,NA,NA,NA,NA
North Chalone Peak_2016,Non-core,1,1,2,2,2,2,2,NA,NA,NA,NA,NA,NA,NA,NA,NA,NA,NA
North Chalone Peak_2017,Non-core,1,1,1,1,2,2,2,2,2,2,NA,NA,NA,NA,NA,NA,NA,NA
North Chalone Peak_2018,Non-core,0,1,2,2,2,2,2,2,NA,NA,NA,NA,NA,NA,NA,NA,NA,NA
North Chalone Peak_2019,Non-core,1,1,1,2,2,2,2,2,2,NA,NA,NA,NA,NA,NA,NA,NA,NA
North Chalone Peak_2020,Non-core,1,1,1,1,1,2,2,2,2,2,NA,NA,NA,NA,NA,NA,NA,NA
North Chalone Peak_2021,Non-core,0,1,1,1,1,1,2,2,2,2,2,NA,NA,NA,NA,NA,NA,NA
North Wilderness Rock_2007,Non-core,0,0,NA,NA,NA,NA,NA,NA,NA,NA,NA,NA,NA,NA,NA,NA,NA,NA
North Wilderness Rock_2008,Non-core,0,0,0,0,NA,NA,NA,NA,NA,NA,NA,NA,NA,NA,NA,NA,NA,NA
North Wilderness Rock_2009,Non-core,0,0,0,NA,NA,NA,NA,NA,NA,NA,NA,NA,NA,NA,NA,NA,NA,NA
North Wilderness Rock_2010,Non-core,0,0,0,0,NA,NA,NA,NA,NA,NA,NA,NA,NA,NA,NA,NA,NA,NA
North Wilderness Rock_2011,Non-core,0,0,0,NA,NA,NA,NA,NA,NA,NA,NA,NA,NA,NA,NA,NA,NA,NA
North Wilderness Rock_2012,Non-core,0,0,0,NA,NA,NA,NA,NA,NA,NA,NA,NA,NA,NA,NA,NA,NA,NA
North Wilderness Rock_2013,Non-core,0,0,0,NA,NA,NA,NA,NA,NA,NA,NA,NA,NA,NA,NA,NA,NA,NA
North Wilderness Rock_2014,Non-core,0,0,0,NA,NA,NA,NA,NA,NA,NA,NA,NA,NA,NA,NA,NA,NA,NA
North Wilderness Rock_2015,Non-core,0,0,0,NA,NA,NA,NA,NA,NA,NA,NA,NA,NA,NA,NA,NA,NA,NA
North Wilderness Rock_2016,Non-core,0,0,NA,NA,NA,NA,NA,NA,NA,NA,NA,NA,NA,NA,NA,NA,NA,NA
North Wilderness Rock_2017,Non-core,0,0,NA,NA,NA,NA,NA,NA,NA,NA,NA,NA,NA,NA,NA,NA,NA,NA
North Wilderness Rock_2018,Non-core,0,0,0,NA,NA,NA,NA,NA,NA,NA,NA,NA,NA,NA,NA,NA,NA,NA
North Wilderness Rock_2019,Non-core,0,0,0,NA,NA,NA,NA,NA,NA,NA,NA,NA,NA,NA,NA,NA,NA,NA
North Wilderness Rock_2020,Non-core,0,0,0,NA,NA,NA,NA,NA,NA,NA,NA,NA,NA,NA,NA,NA,NA,NA
North Wilderness Rock_2021,Non-core,0,0,0,NA,NA,NA,NA,NA,NA,NA,NA,NA,NA,NA,NA,NA,NA,NA
Pig Canyon_2007,Non-core,1,1,1,2,2,2,2,2,2,NA,NA,NA,NA,NA,NA,NA,NA,NA
Pig Canyon_2008,Non-core,1,0,0,1,1,2,2,2,2,2,2,2,NA,NA,NA,NA,NA,NA
Pig Canyon_2009,Non-core,0,1,1,1,2,2,2,2,2,2,2,2,NA,NA,NA,NA,NA,NA
Pig Canyon_2010,Non-core,0,0,1,1,1,1,1,0,NA,NA,NA,NA,NA,NA,NA,NA,NA,NA
Pig Canyon_2011,Non-core,0,0,1,1,1,1,1,0,NA,NA,NA,NA,NA,NA,NA,NA,NA,NA
Pig Canyon_2012,Non-core,0,1,0,1,1,1,2,2,2,2,2,2,2,2,NA,NA,NA,NA
Pig Canyon_2013,Non-core,0,1,1,2,2,2,2,2,2,NA,NA,NA,NA,NA,NA,NA,NA,NA
Pig Canyon_2014,Non-core,1,1,1,1,1,1,1,1,1,1,NA,NA,NA,NA,NA,NA,NA,NA
Pig Canyon_2015,Non-core,0,0,0,0,NA,NA,NA,NA,NA,NA,NA,NA,NA,NA,NA,NA,NA,NA
Pig Canyon_2016,Non-core,0,0,0,NA,NA,NA,NA,NA,NA,NA,NA,NA,NA,NA,NA,NA,NA,NA
Pig Canyon_2017,Non-core,0,0,0,0,NA,NA,NA,NA,NA,NA,NA,NA,NA,NA,NA,NA,NA,NA
Pig Canyon_2018,Non-core,0,0,0,NA,NA,NA,NA,NA,NA,NA,NA,NA,NA,NA,NA,NA,NA,NA
Pig Canyon_2019,Non-core,0,0,0,NA,NA,NA,NA,NA,NA,NA,NA,NA,NA,NA,NA,NA,NA,NA
Pig Canyon_2020,Non-core,0,0,0,NA,NA,NA,NA,NA,NA,NA,NA,NA,NA,NA,NA,NA,NA,NA
Pig Canyon_2021,Non-core,0,0,0,NA,NA,NA,NA,NA,NA,NA,NA,NA,NA,NA,NA,NA,NA,NA
Pipsqueak Pinnacles_2007,Core,0,1,0,0,0,NA,NA,NA,NA,NA,NA,NA,NA,NA,NA,NA,NA,NA
Pipsqueak Pinnacles_2008,Core,0,0,0,0,1,0,0,0,0,0,0,NA,NA,NA,NA,NA,NA,NA
Pipsqueak Pinnacles_2009,Core,0,0,0,0,0,NA,NA,NA,NA,NA,NA,NA,NA,NA,NA,NA,NA,NA
Pipsqueak Pinnacles_2010,Core,0,0,0,0,0,0,0,0,NA,NA,NA,NA,NA,NA,NA,NA,NA,NA
Pipsqueak Pinnacles_2011,Core,0,0,0,0,0,0,0,NA,NA,NA,NA,NA,NA,NA,NA,NA,NA,NA
Pipsqueak Pinnacles_2012,Core,0,0,0,0,0,NA,NA,NA,NA,NA,NA,NA,NA,NA,NA,NA,NA,NA
Pipsqueak Pinnacles_2013,Core,0,0,0,0,NA,NA,NA,NA,NA,NA,NA,NA,NA,NA,NA,NA,NA,NA
Pipsqueak Pinnacles_2014,Core,1,0,0,0,0,NA,NA,NA,NA,NA,NA,NA,NA,NA,NA,NA,NA,NA
Pipsqueak Pinnacles_2015,Core,0,0,0,0,0,NA,NA,NA,NA,NA,NA,NA,NA,NA,NA,NA,NA,NA
Pipsqueak Pinnacles_2016,Core,0,0,0,0,NA,NA,NA,NA,NA,NA,NA,NA,NA,NA,NA,NA,NA,NA
Pipsqueak Pinnacles_2017,Core,0,0,0,NA,NA,NA,NA,NA,NA,NA,NA,NA,NA,NA,NA,NA,NA,NA
Pipsqueak Pinnacles_2018,Core,0,0,0,0,0,NA,NA,NA,NA,NA,NA,NA,NA,NA,NA,NA,NA,NA
Pipsqueak Pinnacles_2019,Core,0,0,0,0,0,NA,NA,NA,NA,NA,NA,NA,NA,NA,NA,NA,NA,NA
Pipsqueak Pinnacles_2020,Core,0,0,0,0,NA,NA,NA,NA,NA,NA,NA,NA,NA,NA,NA,NA,NA,NA
Pipsqueak Pinnacles_2021,Core,0,0,0,NA,NA,NA,NA,NA,NA,NA,NA,NA,NA,NA,NA,NA,NA,NA
Prescribed Burn Cliffs_2007,Core,0,0,0,0,NA,NA,NA,NA,NA,NA,NA,NA,NA,NA,NA,NA,NA,NA
Prescribed Burn Cliffs_2008,Core,0,0,0,0,NA,NA,NA,NA,NA,NA,NA,NA,NA,NA,NA,NA,NA,NA
Prescribed Burn Cliffs_2009,Core,0,0,0,0,NA,NA,NA,NA,NA,NA,NA,NA,NA,NA,NA,NA,NA,NA
Prescribed Burn Cliffs_2010,Core,0,0,0,NA,NA,NA,NA,NA,NA,NA,NA,NA,NA,NA,NA,NA,NA,NA
Prescribed Burn Cliffs_2011,Core,0,0,1,0,0,NA,NA,NA,NA,NA,NA,NA,NA,NA,NA,NA,NA,NA
Prescribed Burn Cliffs_2012,Core,0,0,0,0,NA,NA,NA,NA,NA,NA,NA,NA,NA,NA,NA,NA,NA,NA
Prescribed Burn Cliffs_2013,Core,0,0,0,0,NA,NA,NA,NA,NA,NA,NA,NA,NA,NA,NA,NA,NA,NA
Prescribed Burn Cliffs_2014,Core,1,1,0,0,NA,NA,NA,NA,NA,NA,NA,NA,NA,NA,NA,NA,NA,NA
Prescribed Burn Cliffs_2015,Core,0,0,0,NA,NA,NA,NA,NA,NA,NA,NA,NA,NA,NA,NA,NA,NA,NA
Prescribed Burn Cliffs_2016,Core,0,0,0,0,NA,NA,NA,NA,NA,NA,NA,NA,NA,NA,NA,NA,NA,NA
Prescribed Burn Cliffs_2017,Core,0,0,1,1,2,2,2,2,1,2,NA,NA,NA,NA,NA,NA,NA,NA
Prescribed Burn Cliffs_2018,Core,1,1,0,2,2,2,NA,NA,NA,NA,NA,NA,NA,NA,NA,NA,NA,NA
Prescribed Burn Cliffs_2019,Core,0,1,1,1,1,1,1,0,1,NA,NA,NA,NA,NA,NA,NA,NA,NA
Prescribed Burn Cliffs_2020,Core,0,1,1,1,1,1,1,1,NA,NA,NA,NA,NA,NA,NA,NA,NA,NA
Prescribed Burn Cliffs_2021,Core,0,1,0,1,1,1,1,2,2,NA,NA,NA,NA,NA,NA,NA,NA,NA
Resurrection Wall_2007,Core,0,0,0,0,1,2,1,2,2,2,2,NA,NA,NA,NA,NA,NA,NA
Resurrection Wall_2008,Core,0,0,0,1,1,1,1,1,0,1,NA,NA,NA,NA,NA,NA,NA,NA
Resurrection Wall_2009,Core,0,0,0,0,NA,NA,NA,NA,NA,NA,NA,NA,NA,NA,NA,NA,NA,NA
Resurrection Wall_2010,Core,0,0,0,0,0,NA,NA,NA,NA,NA,NA,NA,NA,NA,NA,NA,NA,NA
Resurrection Wall_2011,Core,0,0,0,0,0,1,1,2,2,2,NA,NA,NA,NA,NA,NA,NA,NA
Resurrection Wall_2012,Core,1,1,1,1,2,1,2,2,2,2,NA,NA,NA,NA,NA,NA,NA,NA
Resurrection Wall_2013,Core,1,1,1,1,1,2,2,2,2,2,NA,NA,NA,NA,NA,NA,NA,NA
Resurrection Wall_2014,Core,1,1,1,1,1,1,1,2,2,2,2,NA,NA,NA,NA,NA,NA,NA
Resurrection Wall_2015,Core,1,1,1,1,1,1,2,2,2,2,2,NA,NA,NA,NA,NA,NA,NA
Resurrection Wall_2016,Core,1,1,1,1,1,2,2,2,2,2,2,2,2,2,2,2,2,2
Resurrection Wall_2017,Core,1,1,1,1,1,1,2,1,2,2,2,2,2,2,2,NA,NA,NA
Resurrection Wall_2018,Core,0,1,1,1,1,1,1,1,1,1,0,NA,NA,NA,NA,NA,NA,NA
Resurrection Wall_2019,Core,1,1,1,1,1,1,2,2,2,2,2,2,2,NA,NA,NA,NA,NA
Resurrection Wall_2020,Core,0,1,1,1,1,2,1,1,2,2,2,2,2,2,NA,NA,NA,NA
Resurrection Wall_2021,Core,0,1,1,1,1,1,2,2,2,NA,NA,NA,NA,NA,NA,NA,NA,NA
Scout Peak_2007,Core,0,0,0,1,0,0,0,0,0,NA,NA,NA,NA,NA,NA,NA,NA,NA
Scout Peak_2008,Core,0,1,0,1,0,0,0,0,0,0,NA,NA,NA,NA,NA,NA,NA,NA
Scout Peak_2009,Core,1,1,0,0,NA,NA,NA,NA,NA,NA,NA,NA,NA,NA,NA,NA,NA,NA
Scout Peak_2010,Core,0,0,0,1,0,NA,NA,NA,NA,NA,NA,NA,NA,NA,NA,NA,NA,NA
Scout Peak_2011,Core,0,0,0,1,0,NA,NA,NA,NA,NA,NA,NA,NA,NA,NA,NA,NA,NA
Scout Peak_2012,Core,0,0,0,NA,NA,NA,NA,NA,NA,NA,NA,NA,NA,NA,NA,NA,NA,NA
Scout Peak_2013,Core,0,0,0,0,0,NA,NA,NA,NA,NA,NA,NA,NA,NA,NA,NA,NA,NA
Scout Peak_2014,Core,0,1,0,0,NA,NA,NA,NA,NA,NA,NA,NA,NA,NA,NA,NA,NA,NA
Scout Peak_2015,Core,0,0,1,NA,NA,NA,NA,NA,NA,NA,NA,NA,NA,NA,NA,NA,NA,NA
Scout Peak_2016,Core,0,0,0,NA,NA,NA,NA,NA,NA,NA,NA,NA,NA,NA,NA,NA,NA,NA
Scout Peak_2017,Core,0,0,0,NA,NA,NA,NA,NA,NA,NA,NA,NA,NA,NA,NA,NA,NA,NA
Scout Peak_2018,Core,0,0,0,0,0,NA,NA,NA,NA,NA,NA,NA,NA,NA,NA,NA,NA,NA
Scout Peak_2019,Core,1,0,0,0,1,NA,NA,NA,NA,NA,NA,NA,NA,NA,NA,NA,NA,NA
Scout Peak_2020,Core,0,0,1,NA,NA,NA,NA,NA,NA,NA,NA,NA,NA,NA,NA,NA,NA,NA
Scout Peak_2021,Core,0,0,0,0,0,0,1,NA,NA,NA,NA,NA,NA,NA,NA,NA,NA,NA
South Balconies_2007,Core,0,1,1,1,1,2,2,2,2,2,2,NA,NA,NA,NA,NA,NA,NA
South Balconies_2008,Core,0,1,1,1,0,1,1,2,2,2,NA,NA,NA,NA,NA,NA,NA,NA
South Balconies_2009,Core,1,1,1,1,1,0,NA,NA,NA,NA,NA,NA,NA,NA,NA,NA,NA,NA
South Balconies_2010,Core,1,1,1,1,1,1,1,0,NA,NA,NA,NA,NA,NA,NA,NA,NA,NA
South Balconies_2011,Core,1,1,1,2,2,2,2,2,NA,NA,NA,NA,NA,NA,NA,NA,NA,NA
South Balconies_2012,Core,1,1,1,1,1,1,1,1,1,1,1,1,1,1,1,1,1,NA
South Balconies_2013,Core,1,1,1,1,1,2,2,2,2,2,NA,NA,NA,NA,NA,NA,NA,NA
South Balconies_2014,Core,0,1,1,1,2,2,2,2,2,2,2,NA,NA,NA,NA,NA,NA,NA
South Balconies_2015,Core,0,1,1,2,2,2,2,2,2,2,2,NA,NA,NA,NA,NA,NA,NA
South Balconies_2016,Core,0,0,1,1,1,1,1,1,1,1,2,2,1,2,2,2,2,NA
South Balconies_2017,Core,0,0,1,0,1,1,1,1,1,1,1,1,1,1,1,0,0,NA
South Balconies_2018,Core,0,1,1,1,1,1,1,1,0,NA,NA,NA,NA,NA,NA,NA,NA,NA
South Balconies_2019,Core,0,0,1,1,0,1,1,0,1,NA,NA,NA,NA,NA,NA,NA,NA,NA
South Balconies_2020,Core,0,1,1,1,1,1,1,1,1,1,1,1,1,1,0,0,NA,NA
South Balconies_2021,Core,0,1,1,1,1,2,2,2,2,2,2,NA,NA,NA,NA,NA,NA,NA
South Chalone_2007,Non-core,0,0,1,1,NA,NA,NA,NA,NA,NA,NA,NA,NA,NA,NA,NA,NA,NA
South Chalone_2008,Non-core,0,1,0,NA,NA,NA,NA,NA,NA,NA,NA,NA,NA,NA,NA,NA,NA,NA
South Chalone_2009,Non-core,0,0,0,0,NA,NA,NA,NA,NA,NA,NA,NA,NA,NA,NA,NA,NA,NA
South Chalone_2010,Non-core,1,2,2,2,NA,NA,NA,NA,NA,NA,NA,NA,NA,NA,NA,NA,NA,NA
South Chalone_2011,Non-core,1,1,NA,NA,NA,NA,NA,NA,NA,NA,NA,NA,NA,NA,NA,NA,NA,NA
South Chalone_2012,Non-core,2,2,2,NA,NA,NA,NA,NA,NA,NA,NA,NA,NA,NA,NA,NA,NA,NA
South Chalone_2013,Non-core,1,1,1,NA,NA,NA,NA,NA,NA,NA,NA,NA,NA,NA,NA,NA,NA,NA
South Chalone_2014,Non-core,1,2,2,2,2,NA,NA,NA,NA,NA,NA,NA,NA,NA,NA,NA,NA,NA
South Chalone_2015,Non-core,1,1,1,0,NA,NA,NA,NA,NA,NA,NA,NA,NA,NA,NA,NA,NA,NA
South Chalone_2016,Non-core,1,1,NA,NA,NA,NA,NA,NA,NA,NA,NA,NA,NA,NA,NA,NA,NA,NA
South Chalone_2017,Non-core,1,1,1,1,NA,NA,NA,NA,NA,NA,NA,NA,NA,NA,NA,NA,NA,NA
South Chalone_2018,Non-core,1,1,1,2,2,NA,NA,NA,NA,NA,NA,NA,NA,NA,NA,NA,NA,NA
South Chalone_2019,Non-core,1,0,0,NA,NA,NA,NA,NA,NA,NA,NA,NA,NA,NA,NA,NA,NA,NA
South Chalone_2020,Non-core,1,1,1,1,2,2,NA,NA,NA,NA,NA,NA,NA,NA,NA,NA,NA,NA
South Chalone_2021,Non-core,1,1,1,2,2,NA,NA,NA,NA,NA,NA,NA,NA,NA,NA,NA,NA,NA
South Wilderness Rock_2007,Non-core,0,0,NA,NA,NA,NA,NA,NA,NA,NA,NA,NA,NA,NA,NA,NA,NA,NA
South Wilderness Rock_2008,Non-core,0,0,0,0,NA,NA,NA,NA,NA,NA,NA,NA,NA,NA,NA,NA,NA,NA
South Wilderness Rock_2009,Non-core,0,0,0,0,0,NA,NA,NA,NA,NA,NA,NA,NA,NA,NA,NA,NA,NA
South Wilderness Rock_2010,Non-core,0,0,0,NA,NA,NA,NA,NA,NA,NA,NA,NA,NA,NA,NA,NA,NA,NA
South Wilderness Rock_2011,Non-core,0,0,0,NA,NA,NA,NA,NA,NA,NA,NA,NA,NA,NA,NA,NA,NA,NA
South Wilderness Rock_2012,Non-core,0,0,0,NA,NA,NA,NA,NA,NA,NA,NA,NA,NA,NA,NA,NA,NA,NA
South Wilderness Rock_2013,Non-core,0,0,0,NA,NA,NA,NA,NA,NA,NA,NA,NA,NA,NA,NA,NA,NA,NA
South Wilderness Rock_2014,Non-core,0,0,0,NA,NA,NA,NA,NA,NA,NA,NA,NA,NA,NA,NA,NA,NA,NA
South Wilderness Rock_2015,Non-core,0,0,0,NA,NA,NA,NA,NA,NA,NA,NA,NA,NA,NA,NA,NA,NA,NA
South Wilderness Rock_2016,Non-core,0,0,0,NA,NA,NA,NA,NA,NA,NA,NA,NA,NA,NA,NA,NA,NA,NA
South Wilderness Rock_2017,Non-core,0,0,0,NA,NA,NA,NA,NA,NA,NA,NA,NA,NA,NA,NA,NA,NA,NA
South Wilderness Rock_2018,Non-core,0,0,0,NA,NA,NA,NA,NA,NA,NA,NA,NA,NA,NA,NA,NA,NA,NA
South Wilderness Rock_2019,Non-core,0,0,0,NA,NA,NA,NA,NA,NA,NA,NA,NA,NA,NA,NA,NA,NA,NA
South Wilderness Rock_2020,Non-core,0,0,0,NA,NA,NA,NA,NA,NA,NA,NA,NA,NA,NA,NA,NA,NA,NA
South Wilderness Rock_2021,Non-core,1,0,0,0,NA,NA,NA,NA,NA,NA,NA,NA,NA,NA,NA,NA,NA,NA
Teapot Dome_2007,Core,1,1,1,1,1,1,1,1,1,2,2,2,2,2,NA,NA,NA,NA
Teapot Dome_2008,Core,0,1,0,1,1,0,1,0,1,1,NA,NA,NA,NA,NA,NA,NA,NA
Teapot Dome_2009,Core,1,1,1,0,NA,NA,NA,NA,NA,NA,NA,NA,NA,NA,NA,NA,NA,NA
Teapot Dome_2010,Core,1,1,1,0,1,1,1,NA,NA,NA,NA,NA,NA,NA,NA,NA,NA,NA
Teapot Dome_2011,Core,0,0,1,0,0,0,0,NA,NA,NA,NA,NA,NA,NA,NA,NA,NA,NA
Teapot Dome_2012,Core,1,0,1,1,NA,NA,NA,NA,NA,NA,NA,NA,NA,NA,NA,NA,NA,NA
Teapot Dome_2013,Core,0,0,1,0,NA,NA,NA,NA,NA,NA,NA,NA,NA,NA,NA,NA,NA,NA
Teapot Dome_2014,Core,0,0,0,1,1,0,NA,NA,NA,NA,NA,NA,NA,NA,NA,NA,NA,NA
Teapot Dome_2015,Core,0,1,0,1,0,NA,NA,NA,NA,NA,NA,NA,NA,NA,NA,NA,NA,NA
Teapot Dome_2016,Core,0,1,1,0,0,2,2,2,2,1,2,2,2,2,2,NA,NA,NA
Teapot Dome_2017,Core,0,0,0,0,0,0,NA,NA,NA,NA,NA,NA,NA,NA,NA,NA,NA,NA
Teapot Dome_2018,Core,0,0,0,0,0,0,0,0,NA,NA,NA,NA,NA,NA,NA,NA,NA,NA
Teapot Dome_2019,Core,0,0,0,0,0,NA,NA,NA,NA,NA,NA,NA,NA,NA,NA,NA,NA,NA
Teapot Dome_2020,Core,0,0,0,0,0,0,NA,NA,NA,NA,NA,NA,NA,NA,NA,NA,NA,NA
Teapot Dome_2021,Core,0,0,0,0,0,0,NA,NA,NA,NA,NA,NA,NA,NA,NA,NA,NA,NA
Tugboat_2007,Core,0,0,0,0,0,0,NA,NA,NA,NA,NA,NA,NA,NA,NA,NA,NA,NA
Tugboat_2008,Core,0,0,0,0,0,0,NA,NA,NA,NA,NA,NA,NA,NA,NA,NA,NA,NA
Tugboat_2009,Core,0,0,0,0,NA,NA,NA,NA,NA,NA,NA,NA,NA,NA,NA,NA,NA,NA
Tugboat_2010,Core,0,0,0,0,0,0,0,NA,NA,NA,NA,NA,NA,NA,NA,NA,NA,NA
Tugboat_2011,Core,0,0,0,0,0,NA,NA,NA,NA,NA,NA,NA,NA,NA,NA,NA,NA,NA
Tugboat_2012,Core,0,0,0,NA,NA,NA,NA,NA,NA,NA,NA,NA,NA,NA,NA,NA,NA,NA
Tugboat_2013,Core,0,0,0,NA,NA,NA,NA,NA,NA,NA,NA,NA,NA,NA,NA,NA,NA,NA
Tugboat_2014,Core,0,0,0,NA,NA,NA,NA,NA,NA,NA,NA,NA,NA,NA,NA,NA,NA,NA
Tugboat_2015,Core,0,0,0,0,NA,NA,NA,NA,NA,NA,NA,NA,NA,NA,NA,NA,NA,NA
Tugboat_2016,Core,0,0,0,0,0,NA,NA,NA,NA,NA,NA,NA,NA,NA,NA,NA,NA,NA
Tugboat_2017,Core,0,0,0,NA,NA,NA,NA,NA,NA,NA,NA,NA,NA,NA,NA,NA,NA,NA
Tugboat_2018,Core,0,0,0,NA,NA,NA,NA,NA,NA,NA,NA,NA,NA,NA,NA,NA,NA,NA
Tugboat_2019,Core,0,0,0,NA,NA,NA,NA,NA,NA,NA,NA,NA,NA,NA,NA,NA,NA,NA
Tugboat_2020,Core,0,0,0,NA,NA,NA,NA,NA,NA,NA,NA,NA,NA,NA,NA,NA,NA,NA
Tugboat_2021,Core,0,0,0,NA,NA,NA,NA,NA,NA,NA,NA,NA,NA,NA,NA,NA,NA,NA
Tunnel_2007,Core,0,0,1,1,0,NA,NA,NA,NA,NA,NA,NA,NA,NA,NA,NA,NA,NA
Tunnel_2008,Core,1,0,0,0,0,1,1,1,0,1,0,0,NA,NA,NA,NA,NA,NA
Tunnel_2009,Core,0,1,0,0,NA,NA,NA,NA,NA,NA,NA,NA,NA,NA,NA,NA,NA,NA
Tunnel_2010,Core,1,0,0,0,1,0,0,1,NA,NA,NA,NA,NA,NA,NA,NA,NA,NA
Tunnel_2011,Core,1,1,1,0,1,1,1,0,NA,NA,NA,NA,NA,NA,NA,NA,NA,NA
Tunnel_2012,Core,1,1,1,1,NA,NA,NA,NA,NA,NA,NA,NA,NA,NA,NA,NA,NA,NA
Tunnel_2013,Core,1,1,1,1,0,NA,NA,NA,NA,NA,NA,NA,NA,NA,NA,NA,NA,NA
Tunnel_2014,Core,0,0,1,0,0,0,0,NA,NA,NA,NA,NA,NA,NA,NA,NA,NA,NA
Tunnel_2015,Core,1,1,1,0,0,NA,NA,NA,NA,NA,NA,NA,NA,NA,NA,NA,NA,NA
Tunnel_2016,Core,0,1,1,0,0,NA,NA,NA,NA,NA,NA,NA,NA,NA,NA,NA,NA,NA
Tunnel_2017,Core,0,0,0,NA,NA,NA,NA,NA,NA,NA,NA,NA,NA,NA,NA,NA,NA,NA
Tunnel_2018,Core,0,0,0,0,0,0,0,NA,NA,NA,NA,NA,NA,NA,NA,NA,NA,NA
Tunnel_2019,Core,0,0,0,0,0,NA,NA,NA,NA,NA,NA,NA,NA,NA,NA,NA,NA,NA
Tunnel_2020,Core,0,0,0,0,NA,NA,NA,NA,NA,NA,NA,NA,NA,NA,NA,NA,NA,NA
Tunnel_2021,Core,0,0,0,0,0,0,NA,NA,NA,NA,NA,NA,NA,NA,NA,NA,NA,NA
Upper Bear Gulch_2007,Core,0,0,0,0,NA,NA,NA,NA,NA,NA,NA,NA,NA,NA,NA,NA,NA,NA
Upper Bear Gulch_2008,Core,0,0,0,NA,NA,NA,NA,NA,NA,NA,NA,NA,NA,NA,NA,NA,NA,NA
Upper Bear Gulch_2009,Core,0,0,0,NA,NA,NA,NA,NA,NA,NA,NA,NA,NA,NA,NA,NA,NA,NA
Upper Bear Gulch_2010,Core,0,0,0,0,NA,NA,NA,NA,NA,NA,NA,NA,NA,NA,NA,NA,NA,NA
Upper Bear Gulch_2011,Core,0,0,0,0,NA,NA,NA,NA,NA,NA,NA,NA,NA,NA,NA,NA,NA,NA
Upper Bear Gulch_2012,Core,0,0,0,0,NA,NA,NA,NA,NA,NA,NA,NA,NA,NA,NA,NA,NA,NA
Upper Bear Gulch_2013,Core,0,0,0,NA,NA,NA,NA,NA,NA,NA,NA,NA,NA,NA,NA,NA,NA,NA
Upper Bear Gulch_2014,Core,0,0,0,NA,NA,NA,NA,NA,NA,NA,NA,NA,NA,NA,NA,NA,NA,NA
Upper Bear Gulch_2015,Core,0,0,0,NA,NA,NA,NA,NA,NA,NA,NA,NA,NA,NA,NA,NA,NA,NA
Upper Bear Gulch_2016,Core,0,0,0,NA,NA,NA,NA,NA,NA,NA,NA,NA,NA,NA,NA,NA,NA,NA
Upper Bear Gulch_2017,Core,0,0,0,NA,NA,NA,NA,NA,NA,NA,NA,NA,NA,NA,NA,NA,NA,NA
Upper Bear Gulch_2018,Core,0,0,0,NA,NA,NA,NA,NA,NA,NA,NA,NA,NA,NA,NA,NA,NA,NA
Upper Bear Gulch_2019,Core,0,0,0,NA,NA,NA,NA,NA,NA,NA,NA,NA,NA,NA,NA,NA,NA,NA
Upper Bear Gulch_2020,Core,0,0,0,NA,NA,NA,NA,NA,NA,NA,NA,NA,NA,NA,NA,NA,NA,NA
Upper Bear Gulch_2021,Core,0,0,0,NA,NA,NA,NA,NA,NA,NA,NA,NA,NA,NA,NA,NA,NA,NA
Upper Condor Gulch_2007,Core,0,0,0,0,0,0,NA,NA,NA,NA,NA,NA,NA,NA,NA,NA,NA,NA
Upper Condor Gulch_2008,Core,0,0,0,0,0,0,0,0,0,NA,NA,NA,NA,NA,NA,NA,NA,NA
Upper Condor Gulch_2009,Core,0,0,0,0,NA,NA,NA,NA,NA,NA,NA,NA,NA,NA,NA,NA,NA,NA
Upper Condor Gulch_2010,Core,0,0,0,0,0,0,NA,NA,NA,NA,NA,NA,NA,NA,NA,NA,NA,NA
Upper Condor Gulch_2011,Core,0,0,0,0,0,NA,NA,NA,NA,NA,NA,NA,NA,NA,NA,NA,NA,NA
Upper Condor Gulch_2012,Core,0,0,0,0,0,NA,NA,NA,NA,NA,NA,NA,NA,NA,NA,NA,NA,NA
Upper Condor Gulch_2013,Core,0,0,0,0,0,0,0,NA,NA,NA,NA,NA,NA,NA,NA,NA,NA,NA
Upper Condor Gulch_2014,Core,0,0,0,0,0,NA,NA,NA,NA,NA,NA,NA,NA,NA,NA,NA,NA,NA
Upper Condor Gulch_2015,Core,0,0,0,NA,NA,NA,NA,NA,NA,NA,NA,NA,NA,NA,NA,NA,NA,NA
Upper Condor Gulch_2016,Core,0,0,0,0,NA,NA,NA,NA,NA,NA,NA,NA,NA,NA,NA,NA,NA,NA
Upper Condor Gulch_2017,Core,0,0,0,NA,NA,NA,NA,NA,NA,NA,NA,NA,NA,NA,NA,NA,NA,NA
Upper Condor Gulch_2018,Core,0,0,0,0,NA,NA,NA,NA,NA,NA,NA,NA,NA,NA,NA,NA,NA,NA
Upper Condor Gulch_2019,Core,0,0,0,NA,NA,NA,NA,NA,NA,NA,NA,NA,NA,NA,NA,NA,NA,NA
Upper Condor Gulch_2020,Core,0,0,0,NA,NA,NA,NA,NA,NA,NA,NA,NA,NA,NA,NA,NA,NA,NA
Upper Condor Gulch_2021,Core,0,0,0,0,NA,NA,NA,NA,NA,NA,NA,NA,NA,NA,NA,NA,NA,NA
Western Front_2007,Core,0,0,0,0,0,NA,NA,NA,NA,NA,NA,NA,NA,NA,NA,NA,NA,NA
Western Front_2008,Core,0,0,0,0,0,0,NA,NA,NA,NA,NA,NA,NA,NA,NA,NA,NA,NA
Western Front_2009,Core,0,0,NA,NA,NA,NA,NA,NA,NA,NA,NA,NA,NA,NA,NA,NA,NA,NA
Western Front_2010,Core,0,0,0,0,NA,NA,NA,NA,NA,NA,NA,NA,NA,NA,NA,NA,NA,NA
Western Front_2011,Core,0,0,0,0,NA,NA,NA,NA,NA,NA,NA,NA,NA,NA,NA,NA,NA,NA
Western Front_2012,Core,0,0,0,NA,NA,NA,NA,NA,NA,NA,NA,NA,NA,NA,NA,NA,NA,NA
Western Front_2013,Core,0,0,0,NA,NA,NA,NA,NA,NA,NA,NA,NA,NA,NA,NA,NA,NA,NA
Western Front_2014,Core,0,0,0,NA,NA,NA,NA,NA,NA,NA,NA,NA,NA,NA,NA,NA,NA,NA
Western Front_2015,Core,0,0,0,NA,NA,NA,NA,NA,NA,NA,NA,NA,NA,NA,NA,NA,NA,NA
Western Front_2016,Core,0,0,0,NA,NA,NA,NA,NA,NA,NA,NA,NA,NA,NA,NA,NA,NA,NA
Western Front_2017,Core,0,NA,NA,NA,NA,NA,NA,NA,NA,NA,NA,NA,NA,NA,NA,NA,NA,NA
Western Front_2018,Core,0,0,NA,NA,NA,NA,NA,NA,NA,NA,NA,NA,NA,NA,NA,NA,NA,NA
Western Front_2019,Core,0,0,0,NA,NA,NA,NA,NA,NA,NA,NA,NA,NA,NA,NA,NA,NA,NA
Western Front_2020,Core,0,0,NA,NA,NA,NA,NA,NA,NA,NA,NA,NA,NA,NA,NA,NA,NA,NA
Western Front_2021,Core,0,0,0,NA,NA,NA,NA,NA,NA,NA,NA,NA,NA,NA,NA,NA,NA,NA
Willow Spring Slide_2007,Non-core,1,1,1,1,0,NA,NA,NA,NA,NA,NA,NA,NA,NA,NA,NA,NA,NA
Willow Spring Slide_2008,Non-core,1,1,0,0,0,NA,NA,NA,NA,NA,NA,NA,NA,NA,NA,NA,NA,NA
Willow Spring Slide_2009,Non-core,0,0,0,0,0,0,NA,NA,NA,NA,NA,NA,NA,NA,NA,NA,NA,NA
Willow Spring Slide_2010,Non-core,1,1,1,1,1,0,NA,NA,NA,NA,NA,NA,NA,NA,NA,NA,NA,NA
Willow Spring Slide_2011,Non-core,0,0,0,0,NA,NA,NA,NA,NA,NA,NA,NA,NA,NA,NA,NA,NA,NA
Willow Spring Slide_2012,Non-core,1,1,0,0,NA,NA,NA,NA,NA,NA,NA,NA,NA,NA,NA,NA,NA,NA
Willow Spring Slide_2013,Non-core,0,0,1,1,1,1,2,2,2,2,NA,NA,NA,NA,NA,NA,NA,NA
Willow Spring Slide_2014,Non-core,1,1,1,1,1,1,2,2,2,2,2,NA,NA,NA,NA,NA,NA,NA
Willow Spring Slide_2015,Non-core,1,1,1,1,1,0,NA,NA,NA,NA,NA,NA,NA,NA,NA,NA,NA,NA
Willow Spring Slide_2016,Non-core,1,1,1,1,1,1,1,NA,NA,NA,NA,NA,NA,NA,NA,NA,NA,NA
Willow Spring Slide_2017,Non-core,1,1,1,1,1,1,1,0,NA,NA,NA,NA,NA,NA,NA,NA,NA,NA
Willow Spring Slide_2018,Non-core,1,1,1,1,2,1,2,2,2,NA,NA,NA,NA,NA,NA,NA,NA,NA
Willow Spring Slide_2019,Non-core,1,1,1,1,1,0,NA,NA,NA,NA,NA,NA,NA,NA,NA,NA,NA,NA
Willow Spring Slide_2020,Non-core,0,1,1,1,1,1,1,1,NA,NA,NA,NA,NA,NA,NA,NA,NA,NA
Willow Spring Slide_2021,Non-core,0,1,1,1,1,1,1,1,2,2,2,NA,NA,NA,NA,NA,NA,NA
