EVENT_ID,CZ_NAME_STR,BEGIN_LOCATION,BEGIN_DATE,BEGIN_TIME,EVENT_TYPE,MAGNITUDE,TOR_F_SCALE,DEATHS_DIRECT,INJURIES_DIRECT,DAMAGE_PROPERTY_NUM,DAMAGE_CROPS_NUM,STATE_ABBR,CZ_TIMEZONE,MAGNITUDE_TYPE,EPISODE_ID,CZ_TYPE,CZ_FIPS,WFO,INJURIES_INDIRECT,DEATHS_INDIRECT,SOURCE,FLOOD_CAUSE,TOR_LENGTH,TOR_WIDTH,BEGIN_RANGE,BEGIN_AZIMUTH,END_RANGE,END_AZIMUTH,END_LOCATION,END_DATE,END_TIME,BEGIN_LAT,BEGIN_LON,END_LAT,END_LON,EVENT_NARRATIVE,EPISODE_NARRATIVE,ABSOLUTE_ROWNUMBER
5525795,MOUNTAINS OF SAN BENITO COUNTY AND INTERIOR MONTEREY COUNTY (ZONE), ,07/22/2006,1400,Heat, , ,0,0,0,0,CA,PST, ,1218202,Z,518,MTR,0,0,BROADCAST MEDIA, , , , , , , , ,07/27/2006,1400, , , , ,"","Intense heat settled over the mountain areas of San Benito County - with high temperatures soaring to as high as 115 degrees one day. Temperatures were over 100 for at least 15 consecutive days in mid/late July, and low temperatures were unusually elevated - holding mainly in the mid 60s.",1
8645,MOUNTAINS OF SAN BENITO COUNTY AND INTERIOR MONTEREY COUNTY INCLUDING PINNACLES NATIONAL MONUMENT (ZONE), ,01/06/2007,0,Frost/Freeze, , ,0,0,0,3000000,CA,PST-8, ,1779,Z,518,MTR,0,0,Broadcast Media, , , , , , , , ,01/19/2007,0, , , , ,"Record cold wave brought temperatures as low as the teens during several nights in this period across San Benito County. Crop damage was estimated at $3,000,000.","Record cold wave settled upon the San Francisco and Monterey Bay Areas from January 6th through January 19th. Numerous record lows were experienced and agricultural damage totalled over $1 Billion State-Wide. Counties in the San Francisco and Monterey Bay areas reported damage in excess of $20 million.",2
75918,SAN BENITO CO.,TRES PINOS,03/15/2008,1815,Hail,1.00, ,0,0,0,0,CA,PST-8, ,13592,C,69,MTR,0,0,NWS Employee, , , ,4,SW,4,SW,TRES PINOS,03/15/2008,1822,36.75,-121.375,36.75,-121.375,"NWS Employee travelling in area noticed 1 inch hail falling from the thunderstorm at Paicines.","A cold and unstable airmass brought scattered thunderstorms to San Benito County. The strongest of the storms contained frequent lightning and large hail. Some hail reached severe criteria.",3
154389,NORTHERN SALINAS VALLEY / HOLLISTER VALLEY / CARMEL VALLEY (ZONE), ,02/15/2009,500,Strong Wind,45.00, ,0,0,10000,0,CA,PST-8,EG,26285,Z,528,MTR,0,0,Newspaper, , , , , , , , ,02/15/2009,600, , , , ,"Strong wind caused power outages in Salinas with 5988 residents without power for an hour.","An approaching Eastern Pacific storm produced strong wind and heavy rain behind the warm front as it moved through the San Francisco Bay Area. Over 61,000 Bay Area customers lost power between 3 a.m. and 4 p.m.",4
158983,NORTHERN SALINAS VALLEY / HOLLISTER VALLEY / CARMEL VALLEY (ZONE), ,03/22/2009,1345,Strong Wind,43.00, ,0,0,5000,0,CA,PST-8,EG,27086,Z,528,MTR,0,0,Newspaper, , , , , , , , ,03/22/2009,1415, , , , ,"Strong winds toppled a pine tree at the Saddle Ranch Resort onto a trailer trapping the occupant inside for an hour before he was extricated uninjured. Also, in and around Carmel Valley, there were many roads temporarily blocked due to trees and limbs blown down by the wind.","A storm from the Northern Pacific Ocean brought strong winds to the Central Coast of California.",5
167422,NORTHERN SALINAS VALLEY / HOLLISTER VALLEY / CARMEL VALLEY (ZONE), ,04/14/2009,1415,Strong Wind,43.00, ,0,0,65000,0,CA,PST-8,EG,28416,Z,528,MTR,0,0,Newspaper, , , , , , , , ,04/14/2009,1445, , , , ,"Strong winds toppled a large eucalyptus tree onto a vehicle and across Highway 68 near the Toro Cafe. The tree sheared power lines on its way down causing a power outage. Other power lines were blown down around Monterey County affecting 4,500 customers.","A mainly dry Pacific storm produced damaging wind to the San Francisco and Monterey Bay Areas. Widespread power outages, downed power lines and trees, boats broken loose from there moorings, and even a big-rig forced onto its side were casualties of this powerful system.  Over 55,000 customers lost power during this storm.",6
200610,MOUNTAINS OF SAN BENITO COUNTY AND INTERIOR MONTEREY COUNTY INCLUDING PINNACLES NATIONAL MONUMENT (ZONE), ,10/13/2009,830,High Wind,59.00, ,0,0,0,0,CA,PST-8,MG,34569,Z,518,MTR,0,0,RAWS, , , , , , , , ,10/13/2009,1400, , , , ,"High winds blew up to 68 miles per hour.  At the Hernandez RAWS the winds gusted to 63 mph at 10:07 a.m. PDT.A power emergency was declared by the California's Electricity Grid Manager after strong winds knocked down a high-voltage transmission line in San Benito County.","A strong low pressure system made its way through Northern and Central California accompanied by deep tropical moisture and very strong winds.  Heavy rain combined with the wind to cause numerous trees, tree limbs and pole/telephone powers to fall.  Pacific Gas and Electric reported over 277,000 customers had lost power in the San Francisco and Monterey Bay Areas with a cost of over thirteen million dollars in damages.  The record breaking heavy rain also led to flooding and debris flows.",7
361924,NORTHERN SALINAS VALLEY / HOLLISTER VALLEY / CARMEL VALLEY (ZONE), ,01/23/2012,700,Strong Wind,39.00, ,0,0,11000,0,CA,PST-8,EG,60622,Z,528,MTR,0,0,Newspaper, , , , , , , , ,01/23/2012,800, , , , ,"Two large trees fell on the 1100 block of Wilma Drive and the 600 block of Seventh Street in Hollister. The tree that fell at the 600 block of Seventh Street knocked down power lines.","A storm system from the Gulf of Alaska brought gusty winds and periods of heavy rain across the San Francisco and Monterey Bay areas from January 19 through January 23.",8
418259,NORTHERN SALINAS VALLEY / HOLLISTER VALLEY / CARMEL VALLEY (ZONE), ,10/02/2012,1400,Heat, , ,1,0,0,0,CA,PST-8, ,69717,Z,528,MTR,0,0,Newspaper, , , , , , , , ,10/02/2012,1400, , , , ,"A farm worker picking crops in the fields near Salinas, California died as a result of excessive heat and heat stroke which lead to his having a heart attack.","An unseasonable heat wave gripped the area on the first two days of October 2012. High temperatures soared well into the 90s and 100s across the area, which was well above normal and resulted in several record high temperatures as well as all-time October record high temperatures. October 1 and 2 had high temperatures of 91 and 93 degrees in San Francisco and 100 and 101 in Salinas. Farm workers who were picking in the fields near Salinas on both days were negatively impacted by the excessive heat, which lead to a fatality of a farm worker on October 2 near Salinas. By the 3rd, cooler weather returned and the heat wave came to an end.",9
446940,MOUNTAINS OF SAN BENITO COUNTY AND INTERIOR MONTEREY COUNTY INCLUDING PINNACLES NATIONAL MONUMENT (ZONE), ,04/08/2013,257,High Wind,52.00, ,0,0,0,0,CA,PST-8,MG,73818,Z,518,MTR,0,0,RAWS, , , , , , , , ,04/08/2013,257, , , , ,"The Santa Rita RAWS in San Benito County measured a peak wind gust of 60 MPH.","Strong and gusty northwest winds impacted much of the Bay Area resulting in downed trees, downed power lines, rough seas and even broken windows. A weak cold front moved through the Bay Area during the overnight hours of April 8th.  As the cold front exited quickly to the south and east of the Bay Area high pressure began to build over the Pacific Northwest and Northern California. As a result, the northerly pressure gradient increased rapidly during the early morning hours of April 8th. ||The rather strong northerly pressure gradient helped to produce widespread wind gusts in excess of 35 mph with a few locations over 60 mph. Numerous reports of downed trees and power lines were received as a result of the strong winds. The strong winds also impacted KSFO airport and a Airport Weather Warning (AWW) was issued for gusts up to 40 kts. The last major wind event to impact the Bay Area was January 4th, 2008 where 100 mph gusts were reported.||Over the coastal waters the strong winds helped to produce hazardous conditions with steep wind waves and confused seas. Gale Warnings were in effect for much of the coastal waters including San Francisco Bay. Buoy observations indicated many locations were near storm force conditions with several gusts up to 47 kts. Buoy 26, east of the Farallon Islands, reported one hour of storm force conditions with a gust up to 49 kts. The strong winds and fresh swell also resulted in combined seas up to 20 feet, as noted by the Half Moon Bay Buoy (Buoy 12).",10
446927,NORTHERN SALINAS VALLEY / HOLLISTER VALLEY / CARMEL VALLEY (ZONE), ,04/08/2013,544,Strong Wind,48.00, ,0,0,1000,0,CA,PST-8,EG,73818,Z,528,MTR,0,0,Law Enforcement, , , , , , , , ,04/08/2013,544, , , , ,"Strong winds blew down a eucalyptus tree, blocking the northbound lane of River Road about 10 miles SE of Salinas.","Strong and gusty northwest winds impacted much of the Bay Area resulting in downed trees, downed power lines, rough seas and even broken windows. A weak cold front moved through the Bay Area during the overnight hours of April 8th.  As the cold front exited quickly to the south and east of the Bay Area high pressure began to build over the Pacific Northwest and Northern California. As a result, the northerly pressure gradient increased rapidly during the early morning hours of April 8th. ||The rather strong northerly pressure gradient helped to produce widespread wind gusts in excess of 35 mph with a few locations over 60 mph. Numerous reports of downed trees and power lines were received as a result of the strong winds. The strong winds also impacted KSFO airport and a Airport Weather Warning (AWW) was issued for gusts up to 40 kts. The last major wind event to impact the Bay Area was January 4th, 2008 where 100 mph gusts were reported.||Over the coastal waters the strong winds helped to produce hazardous conditions with steep wind waves and confused seas. Gale Warnings were in effect for much of the coastal waters including San Francisco Bay. Buoy observations indicated many locations were near storm force conditions with several gusts up to 47 kts. Buoy 26, east of the Farallon Islands, reported one hour of storm force conditions with a gust up to 49 kts. The strong winds and fresh swell also resulted in combined seas up to 20 feet, as noted by the Half Moon Bay Buoy (Buoy 12).",11
481648,MOUNTAINS OF SAN BENITO COUNTY AND INTERIOR MONTEREY COUNTY INCLUDING PINNACLES NATIONAL PARK (ZONE), ,10/27/2013,2357,High Wind,60.00, ,0,0,0,0,CA,PST-8,MG,80413,Z,518,MTR,0,0,Mesonet, , , , , , , , ,10/27/2013,2357, , , , ,"A wind gust of 69 MPH was measured at the Santa Rita Mesonet Site in San Benito County at an elevation of 5000 feet.","Strong and gusty west-northwest winds impacted much of the Bay Area resulting in downed trees, downed power lines, toppled scaffolding, and blown over tractor trailers. An unseasonably cold and rapidly developing low pressure system moved through the Bay Area during the afternoon hours of October 27 and the early morning hours of October 28th. As the surface low rapdily deepened a tight pressure gradient developed across the Bay Area, most notably the East Bay. The dropping surface pressures and rather strong onshore pressure gradient helped to produce widespread wind gusts in excess of 35 mph with a few locations over 60 mph. As the strong onshore winds were squeezed through the East Bay hills winds were enhanced knocking over tractor trailers on Altamont Pass.",12
503850,MOUNTAINS OF SAN BENITO COUNTY AND INTERIOR MONTEREY COUNTY INCLUDING PINNACLES NATIONAL PARK (ZONE), ,02/28/2014,357,High Wind,51.00, ,0,0,0,0,CA,PST-8,MG,83446,Z,518,MTR,0,0,RAWS, , , , , , , , ,02/28/2014,357, , , , ,"Measured gust of 59 MPH at the Santa Rita RAWS at elevation 5000 feet.","A Pacific storm system moved across the Bay Area on February 28. It dropped several inches of rainfall and brought gusty winds to the area. This resulted in flooding of urban areas, small streams and creeks, and damage to power lines and trees as well as a few localized mud and rockslides.",13
503847,NORTHERN SALINAS VALLEY / HOLLISTER VALLEY / CARMEL VALLEY (ZONE), ,02/28/2014,629,Strong Wind,43.00, ,0,0,2500,0,CA,PST-8,EG,83446,Z,528,MTR,0,0,Law Enforcement, , , , , , , , ,02/28/2014,629, , , , ,"A 25 foot tree downed by wind, blocking both lanes of Larkspur Court.","A Pacific storm system moved across the Bay Area on February 28. It dropped several inches of rainfall and brought gusty winds to the area. This resulted in flooding of urban areas, small streams and creeks, and damage to power lines and trees as well as a few localized mud and rockslides.",14
503825,SAN BENITO CO.,HERNANDEZ,02/28/2014,817,Debris Flow, , ,0,0,1500,0,CA,PST-8, ,83446,C,69,MTR,0,0,Department of Highways,Heavy Rain, , ,14,SSE,14,SSE,HERNANDEZ,02/28/2014,817,36.1854,-120.6893,36.1827,-120.6907,"Mudslide reported on Priest Valley Road.","A Pacific storm system moved across the Bay Area on February 28. It dropped several inches of rainfall and brought gusty winds to the area. This resulted in flooding of urban areas, small streams and creeks, and damage to power lines and trees as well as a few localized mud and rockslides.",15
555126,SAN BENITO CO.,HERNANDEZ,02/09/2015,402,Heavy Rain, , ,0,0,0,0,CA,PST-8, ,92605,C,69,MTR,0,0,RAWS, , , ,2,ESE,2,ESE,HERNANDEZ,02/09/2015,402,36.36,-120.77,36.36,-120.77,"A 72 hour rainfall total of 2.41 inches was measured at the Marquez RAWS at elevation 2570 feet as the highest total in San Benito County.","A strong winter storm finally impacted California following up on nearly a month and a half of no rain and the driest January on record. The storm brought heavy rain, gusty winds, and damage to trees and power lines along with some minor flooding of urban areas. Rainfall amounts were heaviest in the mountains with 5-10 inches or more occurring. Generally 1-3.5 inches fell in low elevation areas and urban spots, with less than an inch in Southern Monterey County. Winds gusted 50-70 MPH with the highest gusts in the mountains of the region. Several small mudslides were reported with the largest occurring in the Santa Cruz Mountains north of Boulder Creek on Highway 9.",16
614764,SAN BENITO CO.,DUNNEVILLE CORNERS,01/06/2016,850,Tornado, ,EF0,0,0,0,0,CA,PST-8, ,102865,C,69,MTR,0,0,NWS Employee, ,0.67,20,1,SE,2,ESE,DUNNEVILLE CORNERS,01/06/2016,851,36.9373,-121.3821,36.9402,-121.3705,"At 8:50 AM PST on the morning of January 6, 2016, a weak tornado touched down in a field between Highway 156 and Orchard Road approximately 7 miles north of Hollister, CA in San Benito County. Results from a damage survey conducted by the National Weather Service later that day showed the damage to be consistent with a tornado	of EF-0 intensity (maximum wind speeds of 75 MPH). The tornado lasted just a minute or two and caused spotty damage along a 3/4-mile length path 10-20 yards in width that crossed Orchard Road as it moved to the north-northeast. Two large barns/sheds were moderately-to-significantly damaged along with a fence and some trees.","At 8:50 AM PST on the morning of January 6, 2016, a weak tornado touched down in a field between Highway 156 and Orchard Road approximately 7 miles north of Hollister, CA in San Benito County. Results from a damage survey conducted by the National Weather Service later that day showed the damage to be consistent with a tornado	of EF-0 intensity (maximum wind speeds of 75 MPH). The tornado lasted just a minute or two and caused spotty damage along a 3/4-mile length path 10-20 yards in width that crossed Orchard Road as it moved to the north-northeast. Two large barns/sheds were moderately-to-significantly damaged along with a fence and some trees.",17
608302,SAN BENITO CO.,DUNNEVILLE CORNERS,01/06/2016,850,Tornado, ,EF0,0,0,0,75000,CA,PST-8, ,101646,C,69,MTR,0,0,NWS Employee, ,0.61,20,1,SE,2,ESE,DUNNEVILLE CORNERS,01/06/2016,852,36.9381,-121.3815,36.9402,-121.3708,"A weak (EF-0) tornado touched down in a field between Highway 156 and Orchard Road approximately 7 miles north of Hollister, CA in San Benito County. The tornado last just a minute or two and caused spotty damage along a 3/4-mile length path that was 10-20 yards in width. A large shed sustained significant damage with its roof blown off. The roof was also blown off a barn and there was significant damage to a fence on the same property.","A strong Pacific storm swept through the San Francisco Bay Area and Monterey Bay Area on Wednesday, January 6. This storm produced heavy rain, minor flooding, damaging winds, a funnel cloud, and one confirmed tornado.",18
663606,SAN BENITO CO.,TRES PINOS,10/28/2016,730,Flood, , ,0,0,0,0,CA,PST-8, ,111217,C,69,MTR,0,0,Law Enforcement,Heavy Rain, , ,1,NNW,1,NNW,TRES PINOS,10/28/2016,830,36.7912,-121.3244,36.7916,-121.3237,"Heavy rain results in roadway flooding on SR 25 near Tres Pinos.","A wet storm system produced periods of heavy rain across the San Francisco Bay Area and north-central California coast on Friday, October 28, 2016. There were several reports of minor roadway flooding as well as Bay Area traffic accidents.",19
682547,SAN BENITO CO.,SAN FELIPE,01/20/2017,1030,Flash Flood, , ,0,0,0,0,CA,PST-8, ,113005,C,69,MTR,0,0,River/Stream Gage,Heavy Rain, , ,3,WSW,1,NE,HUDNER,01/20/2017,1615,36.9539,-121.4651,36.914,-121.4355,"The Pacheco Creek near Dunneville flooded.  A stream gauge on the Pacheco Creek near Dunneville rose above flood stage at 10:30 AM PST and remained above flood stage until 4:15 PM PST.","Three storm systems swept through the region between January 18-23. The first occurred on January 18 as a cold front moved through. Heavy rain, widespread flooding, and debris flows were observed.",20
682551,SAN BENITO CO.,DUNNEVILLE CORNERS,01/22/2017,1145,Flash Flood, , ,0,0,0,0,CA,PST-8, ,113005,C,69,MTR,0,0,River/Stream Gage,Heavy Rain, , ,2,WSW,2,ENE,HUDNER,01/22/2017,1600,36.9382,-121.4289,36.9149,-121.4197,"Heavy rain on January 24 caused the Pacheco Creek in San Benito County to flood.  The Pacheco Creek stream gauge near Dunneville rose above flood stage at 11:45 am PST on January 22 and remained above flood stage until 4 pm PST on January 22.","Three storm systems swept through the region between January 18-23. The first occurred on January 18 as a cold front moved through. Heavy rain, widespread flooding, and debris flows were observed.",21
684723,SAN BENITO CO.,DUNNEVILLE CORNERS,02/09/2017,1746,Flood, , ,0,0,0,0,CA,PST-8, ,113743,C,69,MTR,0,0,Law Enforcement,Heavy Rain, , ,2,NW,2,NW,DUNNEVILLE CORNERS,02/09/2017,1846,36.9732,-121.4319,36.9722,-121.4323,"Flooded with strong current across entire roadway EB SR 152 jwo Lovers Lane.","A cold front passed over the area Thursday Feb 9. There were strong winds ahead of the front and heavy rains associated with the frontal passage that produced roadway flooding and debris flows.",22
684726,SAN BENITO CO.,HOLLISTER,02/09/2017,1820,Flood, , ,0,0,0,0,CA,PST-8, ,113743,C,69,MTR,0,0,Law Enforcement,Heavy Rain, , ,2,SW,2,SW,HOLLISTER,02/09/2017,1920,36.8281,-121.4302,36.8281,-121.4306,"SB Union Rd/Union Heights flooded.","A cold front passed over the area Thursday Feb 9. There were strong winds ahead of the front and heavy rains associated with the frontal passage that produced roadway flooding and debris flows.",23
683643,NORTHERN SALINAS VALLEY / HOLLISTER VALLEY / CARMEL VALLEY (ZONE), ,02/17/2017,635,High Wind,50.00, ,0,0,0,0,CA,PST-8,EG,112432,Z,528,MTR,0,0,Law Enforcement, , , , , , , , ,02/17/2017,645, , , , ,"Power pole and lines down old stage road at Natividad.","Deepen low pressure approaching the coast caused gale to strong gale force wind gusts through the populated areas. Coastal mountains gusted to hurricane force.",24
683645,NORTHERN SALINAS VALLEY / HOLLISTER VALLEY / CARMEL VALLEY (ZONE), ,02/17/2017,636,High Wind,50.00, ,0,0,0,0,CA,PST-8,EG,112432,Z,528,MTR,0,0,Law Enforcement, , , , , , , , ,02/17/2017,646, , , , ,"Trees blown down blocking entire roadway...Old Stage Rd at Calle El Rosario.","Deepen low pressure approaching the coast caused gale to strong gale force wind gusts through the populated areas. Coastal mountains gusted to hurricane force.",25
683648,NORTHERN SALINAS VALLEY / HOLLISTER VALLEY / CARMEL VALLEY (ZONE), ,02/17/2017,641,High Wind,50.00, ,0,0,0,0,CA,PST-8,EG,112432,Z,528,MTR,0,0,Law Enforcement, , , , , , , , ,02/17/2017,651, , , , ,"Tree blown down blocking east bound lane HWY 68 at Laureles Grade.","Deepen low pressure approaching the coast caused gale to strong gale force wind gusts through the populated areas. Coastal mountains gusted to hurricane force.",26
683652,NORTHERN SALINAS VALLEY / HOLLISTER VALLEY / CARMEL VALLEY (ZONE), ,02/17/2017,752,High Wind,50.00, ,0,0,0,0,CA,PST-8,EG,112432,Z,528,MTR,0,0,Law Enforcement, , , , , , , , ,02/17/2017,802, , , , ,"Power line and trees in roadway...White Rd.","Deepen low pressure approaching the coast caused gale to strong gale force wind gusts through the populated areas. Coastal mountains gusted to hurricane force.",27
683654,NORTHERN SALINAS VALLEY / HOLLISTER VALLEY / CARMEL VALLEY (ZONE), ,02/17/2017,753,High Wind,50.00, ,0,0,0,0,CA,PST-8,EG,112432,Z,528,MTR,0,0,Law Enforcement, , , , , , , , ,02/17/2017,803, , , , ,"Tree and power lines down in the road...Blackie Rd at HWY 101.","Deepen low pressure approaching the coast caused gale to strong gale force wind gusts through the populated areas. Coastal mountains gusted to hurricane force.",28
682008,NORTHERN SALINAS VALLEY / HOLLISTER VALLEY / CARMEL VALLEY (ZONE), ,02/20/2017,1237,High Wind,50.00, ,0,0,0,0,CA,PST-8,EG,112433,Z,528,MTR,0,0,Law Enforcement, , , , , , , , ,02/20/2017,1242, , , , ,"Tree blown down across all lanes of Carmel Way at 17 mile Dr.","Potent AR brought copious amounts of rain to the region causing widespread flooding, debris flow, accidents, and over topping of reservoir spillways.",29
682009,SAN BENITO CO.,RIVER OAKS,02/20/2017,1321,Debris Flow, , ,0,0,0,0,CA,PST-8, ,112433,C,69,MTR,0,0,Law Enforcement,Heavy Rain, , ,3,S,3,S,RIVER OAKS,02/20/2017,1521,36.8617,-121.5823,36.8616,-121.5827,"Mud and rocks blocking fast lane of Hwy 101 west connection to Hwy 156.","Potent AR brought copious amounts of rain to the region causing widespread flooding, debris flow, accidents, and over topping of reservoir spillways.",30
683475,SAN BENITO CO.,DUNNEVILLE CORNERS,02/20/2017,1345,Flash Flood, , ,0,0,0,0,CA,PST-8, ,112433,C,69,MTR,0,0,River/Stream Gage,Heavy Rain, , ,1,W,1,WSW,DUNNEVILLE CORNERS,02/20/2017,2200,36.9469,-121.4256,36.939,-121.4212,"Pacheco Creek near Dunneville gauge above flood stage.","Potent AR brought copious amounts of rain to the region causing widespread flooding, debris flow, accidents, and over topping of reservoir spillways.",31
682014,MOUNTAINS OF SAN BENITO COUNTY AND INTERIOR MONTEREY COUNTY INCLUDING PINNACLES NATIONAL PARK (ZONE), ,02/20/2017,1604,High Wind,60.00, ,0,0,0,0,CA,PST-8,EG,112433,Z,518,MTR,0,0,Law Enforcement, , , , , , , , ,02/20/2017,1609, , , , ,"Pine tree 3 feet in diameter blocking all lanes SR25 near Willow Creek Rd.","Potent AR brought copious amounts of rain to the region causing widespread flooding, debris flow, accidents, and over topping of reservoir spillways.",32
682019,NORTHERN SALINAS VALLEY / HOLLISTER VALLEY / CARMEL VALLEY (ZONE), ,02/20/2017,1617,High Wind,50.00, ,0,0,0,0,CA,PST-8,EG,112433,Z,528,MTR,0,0,Law Enforcement, , , , , , , , ,02/20/2017,1622, , , , ,"Tree down blocking half of roadway Robinson Canyon Rd near Carmel Valley Rd.","Potent AR brought copious amounts of rain to the region causing widespread flooding, debris flow, accidents, and over topping of reservoir spillways.",33
681621,SAN BENITO CO.,DUNNEVILLE CORNERS,02/20/2017,1631,Flood, , ,0,0,0,0,CA,PST-8, ,112433,C,69,MTR,0,0,Law Enforcement,Heavy Rain, , ,1,SSW,1,SSW,DUNNEVILLE CORNERS,02/20/2017,1831,36.9301,-121.4081,36.9301,-121.4078,"Roadway flooding 5150 San Felipe Rd.","Potent AR brought copious amounts of rain to the region causing widespread flooding, debris flow, accidents, and over topping of reservoir spillways.",34
681625,SAN BENITO CO.,HOLLISTER ARPT,02/20/2017,1638,Flood, , ,0,0,0,0,CA,PST-8, ,112433,C,69,MTR,0,0,Law Enforcement,Heavy Rain, , ,2,NNE,2,NNE,HOLLISTER ARPT,02/20/2017,1838,36.9132,-121.4043,36.9093,-121.4037,"Possible damage to bridge on San Felipe Rd between Fairview and SR156.","Potent AR brought copious amounts of rain to the region causing widespread flooding, debris flow, accidents, and over topping of reservoir spillways.",35
681635,SAN BENITO CO.,DUNNEVILLE CORNERS,02/20/2017,1647,Flood, , ,0,0,0,0,CA,PST-8, ,112433,C,69,MTR,0,0,Law Enforcement,Heavy Rain, , ,2,WSW,2,WSW,DUNNEVILLE CORNERS,02/20/2017,1847,36.94,-121.43,36.9404,-121.4292,"Roadway flooded Shore Rd near Perry Ct.","Potent AR brought copious amounts of rain to the region causing widespread flooding, debris flow, accidents, and over topping of reservoir spillways.",36
683476,SAN BENITO CO.,DUNNEVILLE CORNERS,02/20/2017,2200,Flood, , ,0,0,0,0,CA,PST-8, ,112433,C,69,MTR,0,0,River/Stream Gage,Heavy Rain, , ,1,WSW,1,SW,DUNNEVILLE CORNERS,02/21/2017,700,36.9465,-121.4121,36.9378,-121.42,"Pacheco Creek near Dunneville gauge above flood stage.","Potent AR brought copious amounts of rain to the region causing widespread flooding, debris flow, accidents, and over topping of reservoir spillways.",37
688567,SAN BENITO CO.,HOLLISTER,03/22/2017,1645,Hail,0.25, ,0,0,0,0,CA,PST-8, ,114798,C,69,MTR,0,0,Trained Spotter, , , ,1,SE,1,SE,HOLLISTER,03/22/2017,1648,36.84,-121.3902,36.84,-121.3902,"Trained spotter reported pea sized hail falling for about 3 minutes.","The SFO area was impacted by a series of mid/upper level troughs at the end of March that created isolated thunderstorms. Some of these thunderstorms resulted in damaging winds, lightning, pea sized hail, and minor roadway flooding.",38
692371,NORTHERN SALINAS VALLEY / HOLLISTER VALLEY / CARMEL VALLEY (ZONE), ,04/06/2017,1941,Strong Wind,32.00, ,0,0,0,0,CA,PST-8,EG,115314,Z,528,MTR,0,0,Law Enforcement, , , , , , , , ,04/06/2017,1946, , , , ,"Tree down blocking entire roadway at Pesante and Coker Rd. Estimated gust taken from SNS airport.","A potent upper level trough with associated cold front moved through on April 6th causing roadway flooding, gusty winds over both land and sea, as well as strong swells which sunk a Bart Barge over the SF Bay. Post frontal conditions on the 8th brought scattered showers, frigid temperatures, and isolated thunderstorms with small hail.",39
740174,NORTHERN SALINAS VALLEY / HOLLISTER VALLEY / CARMEL VALLEY (ZONE), ,03/20/2018,1550,Strong Wind,39.00, ,0,0,0,0,CA,PST-8,MG,123197,Z,528,MTR,0,0,Mesonet, , , , , , , , ,03/20/2018,1600, , , , ,"Gusty winds blew through portions of Monterey County causing local power outages in North Salinas, Marina, and Fort Ord. At the peak, nearly 4,000 people were without power. Gusty winds went through the Santa Clara Valley as well,  including Hollister gusting to 45 mph https://www.thecalifornian.com/story/news/2018/03/20/more-than-3-000-residents-north-salinas-without-power/444246002/.","A series of storm systems with a subtropical moisture stream swept through the region between the 20th and 22nd of March. This subtropical moisture was also associated with an upper level trough and surface cold front. These systems resulted in minor roadway flooding and debris flows as well as downed trees and power outages due to gusty winds.",40
744749,SAN BENITO CO.,MORSE,04/12/2018,1244,Hail,0.25, ,0,0,0,0,CA,PST-8, ,124108,C,69,MTR,0,0,Trained Spotter, , , ,3,SW,3,SW,MORSE,04/12/2018,1249,36.8033,-121.5171,36.8033,-121.5171,"Trained spotter reported hail at school peak gabilan range.","A cold front moved through the region bringing narrow bands of heavy rain (cold frontal rain bands) and gusty winds. No flooding was reported as a result of the heavy rain and no wind damage was reported. Convection behind the front produced isolated small hail in San Benito County.",41
792163,MOUNTAINS OF SAN BENITO COUNTY AND INTERIOR MONTEREY COUNTY INCLUDING PINNACLES NATIONAL PARK (ZONE), ,12/28/2018,1950,Frost/Freeze, , ,0,0,0,0,CA,PST-8, ,132397,Z,518,MTR,0,0,RAWS, , , , , , , , ,12/29/2018,750, , , , ,"Marquez RAWS station recorded temperatures between 22 and 28 degrees.","A cold dry air mass brought clear skies and calm winds to the region allowing temperatures to drop below freezing overnight into the 29th across parts of the CWA. This prompted the issuance of a freeze warning.",42
792164,MOUNTAINS OF SAN BENITO COUNTY AND INTERIOR MONTEREY COUNTY INCLUDING PINNACLES NATIONAL PARK (ZONE), ,12/29/2018,537,Frost/Freeze, , ,0,0,0,0,CA,PST-8, ,132397,Z,518,MTR,0,0,RAWS, , , , , , , , ,12/29/2018,737, , , , ,"Pinnacles National Park RAWS station recorded temperatures of 28 degrees.","A cold dry air mass brought clear skies and calm winds to the region allowing temperatures to drop below freezing overnight into the 29th across parts of the CWA. This prompted the issuance of a freeze warning.",43
795809,MOUNTAINS OF SAN BENITO COUNTY AND INTERIOR MONTEREY COUNTY INCLUDING PINNACLES NATIONAL PARK (ZONE), ,01/01/2019,0,Frost/Freeze, , ,0,0,0,0,CA,PST-8, ,132272,Z,518,MTR,0,0,RAWS, , , , , , , , ,01/01/2019,850, , , , ,"Marquez RAWS station reported temps between 17 and 25 degrees.","Cold overnight temperatures in the mid 30s to low 40s across Santa Clara county resulted in two fatalities due to cold exposure. Widespread freezing to below freezing temperatures were reported elsewhere across the region.",44
795813,MOUNTAINS OF SAN BENITO COUNTY AND INTERIOR MONTEREY COUNTY INCLUDING PINNACLES NATIONAL PARK (ZONE), ,01/01/2019,0,Frost/Freeze, , ,0,0,0,0,CA,PST-8, ,132272,Z,518,MTR,0,0,RAWS, , , , , , , , ,01/01/2019,755, , , , ,"Parkfield RAWS reported temperatures below 28 degrees.","Cold overnight temperatures in the mid 30s to low 40s across Santa Clara county resulted in two fatalities due to cold exposure. Widespread freezing to below freezing temperatures were reported elsewhere across the region.",45
795841,MOUNTAINS OF SAN BENITO COUNTY AND INTERIOR MONTEREY COUNTY INCLUDING PINNACLES NATIONAL PARK (ZONE), ,01/01/2019,1850,Frost/Freeze, , ,0,0,0,0,CA,PST-8, ,133025,Z,518,MTR,0,0,RAWS, , , , , , , , ,01/02/2019,850, , , , ,"Marquez RAWS station reported temperatures between 17 and 28 degrees.","Cold overnight low temperatures continued around the southern Salinas Valley and interior San Benito County.",46
795839,MOUNTAINS OF SAN BENITO COUNTY AND INTERIOR MONTEREY COUNTY INCLUDING PINNACLES NATIONAL PARK (ZONE), ,01/01/2019,2055,Frost/Freeze, , ,0,0,0,0,CA,PST-8, ,133025,Z,518,MTR,0,0,RAWS, , , , , , , , ,01/02/2019,755, , , , ,"Parkfield RAWS reported temperatures between 24 and 28 degrees.","Cold overnight low temperatures continued around the southern Salinas Valley and interior San Benito County.",47
797474,NORTHERN SALINAS VALLEY / HOLLISTER VALLEY / CARMEL VALLEY (ZONE), ,01/15/2019,1130,Strong Wind,37.00, ,0,0,0,0,CA,PST-8,MG,133289,Z,528,MTR,0,0,ASOS, , , , , , , , ,01/15/2019,1615, , , , ,"ASOS at Salinas Airport measured wind gusts over 40 mph peaking at 43 mph.","A deepening surface low west of Big Sur brought gusty winds to the Monterey Bay region. Wind gusts at KSNS topped 40 mph.",48
797466,NORTHERN SALINAS VALLEY / HOLLISTER VALLEY / CARMEL VALLEY (ZONE), ,01/16/2019,1308,Strong Wind,41.00, ,0,0,0,0,CA,PST-8,MG,133275,Z,528,MTR,0,0,ASOS, , , , , , , , ,01/16/2019,1313, , , , ,"Salinas Airport ASOS recorded max wind gust of 47 mph.","A moderate to strong atmospheric river impacted much of California in the middle of the month. A weak surface low developed off the coast on January 15th bringing moderate to heavy rainfall to portions of the region. Over the next 24 to 36 hours a second strong low pressure system moved to the north and east bringing heavy rain, destructive winds, high surf, flooding, and thunderstorms to the Bay Area. Numerous reports were received of downed trees and power lines. Winds were recorded between 60 and 100 mph. Downed trees resulted in two fatalities.",49
797411,NORTHERN SALINAS VALLEY / HOLLISTER VALLEY / CARMEL VALLEY (ZONE), ,01/16/2019,1519,Strong Wind,40.00, ,0,0,0,0,CA,PST-8,EG,133275,Z,528,MTR,0,0,Public, , , , , , , , ,01/16/2019,1524, , , , ,"Transformer blown at the corner of Carmel Valley Road and Schulte Road leaving 2000 residents without power in Carmel Valley.","A moderate to strong atmospheric river impacted much of California in the middle of the month. A weak surface low developed off the coast on January 15th bringing moderate to heavy rainfall to portions of the region. Over the next 24 to 36 hours a second strong low pressure system moved to the north and east bringing heavy rain, destructive winds, high surf, flooding, and thunderstorms to the Bay Area. Numerous reports were received of downed trees and power lines. Winds were recorded between 60 and 100 mph. Downed trees resulted in two fatalities.",50
797443,MOUNTAINS OF SAN BENITO COUNTY AND INTERIOR MONTEREY COUNTY INCLUDING PINNACLES NATIONAL PARK (ZONE), ,01/16/2019,2307,High Wind,54.00, ,0,0,0,0,CA,PST-8,MG,133275,Z,518,MTR,0,0,Mesonet, , , , , , , , ,01/16/2019,2312, , , , ,"Mesonet station at Black Mountain.","A moderate to strong atmospheric river impacted much of California in the middle of the month. A weak surface low developed off the coast on January 15th bringing moderate to heavy rainfall to portions of the region. Over the next 24 to 36 hours a second strong low pressure system moved to the north and east bringing heavy rain, destructive winds, high surf, flooding, and thunderstorms to the Bay Area. Numerous reports were received of downed trees and power lines. Winds were recorded between 60 and 100 mph. Downed trees resulted in two fatalities.",51
797446,NORTHERN SALINAS VALLEY / HOLLISTER VALLEY / CARMEL VALLEY (ZONE), ,01/17/2019,736,Strong Wind,40.00, ,0,0,0,0,CA,PST-8,EG,133275,Z,528,MTR,0,0,NWS Employee, , , , , , , , ,01/17/2019,800, , , , ,"Entire Carmel School District is closed due to power outages casued by the storm.","A moderate to strong atmospheric river impacted much of California in the middle of the month. A weak surface low developed off the coast on January 15th bringing moderate to heavy rainfall to portions of the region. Over the next 24 to 36 hours a second strong low pressure system moved to the north and east bringing heavy rain, destructive winds, high surf, flooding, and thunderstorms to the Bay Area. Numerous reports were received of downed trees and power lines. Winds were recorded between 60 and 100 mph. Downed trees resulted in two fatalities.",52
799960,MOUNTAINS OF SAN BENITO COUNTY AND INTERIOR MONTEREY COUNTY INCLUDING PINNACLES NATIONAL PARK (ZONE), ,02/02/2019,157,High Wind,51.00, ,0,0,0,0,CA,PST-8,MG,133678,Z,518,MTR,0,0,Mesonet, , , , , , , , ,02/02/2019,202, , , , ,"Mesonet station 19 miles NW of Coalinga.","A strong cold front moved through the region into the morning of February 2nd. The storm brought heavy rain and strong winds to the region causing minor roadway flooding and downing trees.",53
799961,NORTHERN SALINAS VALLEY / HOLLISTER VALLEY / CARMEL VALLEY (ZONE), ,02/02/2019,332,Strong Wind,40.00, ,0,0,0,0,CA,PST-8,EG,133678,Z,528,MTR,0,0,Law Enforcement, , , , , , , , ,02/02/2019,337, , , , ,"Tree down blocking EB lane of Carmel Valley Rd.","A strong cold front moved through the region into the morning of February 2nd. The storm brought heavy rain and strong winds to the region causing minor roadway flooding and downing trees.",54
799972,NORTHERN SALINAS VALLEY / HOLLISTER VALLEY / CARMEL VALLEY (ZONE), ,02/02/2019,813,Strong Wind,40.00, ,0,0,0,0,CA,PST-8,EG,133678,Z,528,MTR,0,0,Law Enforcement, , , , , , , , ,02/02/2019,818, , , , ,"Large tree down in roadway.","A strong cold front moved through the region into the morning of February 2nd. The storm brought heavy rain and strong winds to the region causing minor roadway flooding and downing trees.",55
800447,MOUNTAINS OF SAN BENITO COUNTY AND INTERIOR MONTEREY COUNTY INCLUDING PINNACLES NATIONAL PARK (ZONE), ,02/06/2019,758,Astronomical Low Tide, , ,0,0,0,0,CA,PST-8, ,133764,Z,518,MTR,0,0,Public, , , , , , , , ,02/06/2019,800, , , , ,"Three inches of snow reported on Fremont Peak.","A mid/upper low with a very cold airmass moved through in early February bringing snow to lower elevation peaks across the region prompting a rare Winter Weather Advisory. Junipero Serra Peak received around a foot of snow. Rainfall just ahead of this system also brought roadway flooding and minor debris flows.",56
800912,NORTHERN SALINAS VALLEY / HOLLISTER VALLEY / CARMEL VALLEY (ZONE), ,02/13/2019,730,Strong Wind,40.00, ,0,0,0,0,CA,PST-8,EG,133801,Z,528,MTR,0,0,Newspaper, , , , , , , , ,02/13/2019,735, , , , ,"Highway 68 is closed half a mile south of West Blanco Rd and South Main Street due to high winds knocking a telephone pole off kilter.","An atmospheric river with an associated cold front moved through the region from February 12th to the 15th bringing widespread flooding and debris flows. Multiple mainstem rivers flooded prompting evacuations from local officials. Strong wind gusts caused downed trees, power outages, and structural damage. Additionally, a tree fell on a car causing one fatality and one serious injury on Highway 17 while another downed tree caused a serious multi-car traffic accident that resulted in another fatality as well as major injuries. The areas peaks received upwards of 10 inches of rainfall and widespread wind gusts of 50 to 60 mph were observed. Mount Saint Helena recorded wind gusts of 80 mph.",57
800940,NORTHERN SALINAS VALLEY / HOLLISTER VALLEY / CARMEL VALLEY (ZONE), ,02/13/2019,837,Strong Wind,40.00, ,0,0,0,0,CA,PST-8,EG,133801,Z,528,MTR,0,0,Law Enforcement, , , , , , , , ,02/13/2019,842, , , , ,"Tree and wires down at 71 Panetta Rd, caught a fence on fire.","An atmospheric river with an associated cold front moved through the region from February 12th to the 15th bringing widespread flooding and debris flows. Multiple mainstem rivers flooded prompting evacuations from local officials. Strong wind gusts caused downed trees, power outages, and structural damage. Additionally, a tree fell on a car causing one fatality and one serious injury on Highway 17 while another downed tree caused a serious multi-car traffic accident that resulted in another fatality as well as major injuries. The areas peaks received upwards of 10 inches of rainfall and widespread wind gusts of 50 to 60 mph were observed. Mount Saint Helena recorded wind gusts of 80 mph.",58
800979,NORTHERN SALINAS VALLEY / HOLLISTER VALLEY / CARMEL VALLEY (ZONE), ,02/13/2019,1024,Strong Wind,40.00, ,0,0,0,0,CA,PST-8,EG,133801,Z,528,MTR,0,0,Newspaper, , , , , , , , ,02/13/2019,1029, , , , ,"Power outage on Brunken.","An atmospheric river with an associated cold front moved through the region from February 12th to the 15th bringing widespread flooding and debris flows. Multiple mainstem rivers flooded prompting evacuations from local officials. Strong wind gusts caused downed trees, power outages, and structural damage. Additionally, a tree fell on a car causing one fatality and one serious injury on Highway 17 while another downed tree caused a serious multi-car traffic accident that resulted in another fatality as well as major injuries. The areas peaks received upwards of 10 inches of rainfall and widespread wind gusts of 50 to 60 mph were observed. Mount Saint Helena recorded wind gusts of 80 mph.",59
800998,NORTHERN SALINAS VALLEY / HOLLISTER VALLEY / CARMEL VALLEY (ZONE), ,02/13/2019,1230,Strong Wind,40.00, ,0,0,0,0,CA,PST-8,EG,133801,Z,528,MTR,0,0,NWS Employee, , , , , , , , ,02/13/2019,1235, , , , ,"Downed tree blocking eastbound lanes of Carmel Valley Road. Fire dept cleared the tree, which was one of four down trees observed from Carmel Valley Village to the mouth of the valley.","An atmospheric river with an associated cold front moved through the region from February 12th to the 15th bringing widespread flooding and debris flows. Multiple mainstem rivers flooded prompting evacuations from local officials. Strong wind gusts caused downed trees, power outages, and structural damage. Additionally, a tree fell on a car causing one fatality and one serious injury on Highway 17 while another downed tree caused a serious multi-car traffic accident that resulted in another fatality as well as major injuries. The areas peaks received upwards of 10 inches of rainfall and widespread wind gusts of 50 to 60 mph were observed. Mount Saint Helena recorded wind gusts of 80 mph.",60
801005,NORTHERN SALINAS VALLEY / HOLLISTER VALLEY / CARMEL VALLEY (ZONE), ,02/13/2019,1251,Strong Wind,40.00, ,0,0,0,0,CA,PST-8,EG,133801,Z,528,MTR,0,0,Law Enforcement, , , , , , , , ,02/13/2019,1256, , , , ,"Tree down on 166 El Echo across entire roadway.","An atmospheric river with an associated cold front moved through the region from February 12th to the 15th bringing widespread flooding and debris flows. Multiple mainstem rivers flooded prompting evacuations from local officials. Strong wind gusts caused downed trees, power outages, and structural damage. Additionally, a tree fell on a car causing one fatality and one serious injury on Highway 17 while another downed tree caused a serious multi-car traffic accident that resulted in another fatality as well as major injuries. The areas peaks received upwards of 10 inches of rainfall and widespread wind gusts of 50 to 60 mph were observed. Mount Saint Helena recorded wind gusts of 80 mph.",61
802016,NORTHERN SALINAS VALLEY / HOLLISTER VALLEY / CARMEL VALLEY (ZONE), ,02/14/2019,1122,Strong Wind,40.00, ,0,0,0,0,CA,PST-8,EG,133801,Z,528,MTR,0,0,Law Enforcement, , , , , , , , ,02/14/2019,1127, , , , ,"Power pole and wires down on Frontage Rd.","An atmospheric river with an associated cold front moved through the region from February 12th to the 15th bringing widespread flooding and debris flows. Multiple mainstem rivers flooded prompting evacuations from local officials. Strong wind gusts caused downed trees, power outages, and structural damage. Additionally, a tree fell on a car causing one fatality and one serious injury on Highway 17 while another downed tree caused a serious multi-car traffic accident that resulted in another fatality as well as major injuries. The areas peaks received upwards of 10 inches of rainfall and widespread wind gusts of 50 to 60 mph were observed. Mount Saint Helena recorded wind gusts of 80 mph.",62
842000,NORTHERN SALINAS VALLEY / HOLLISTER VALLEY / CARMEL VALLEY (ZONE), ,08/11/2019,640,Dense Fog, , ,0,0,0,0,CA,PST-8, ,139946,Z,528,MTR,0,0,ASOS, , , , , , , , ,08/11/2019,730, , , , ,"The ASOS at KSNS airport reported visibility at or less than 1/4 mile during this time.","Dense fog was observed over the North Bay and portions of the Monterey Bay region on the morning of August 11. Multiple stations reported visibility at less than 1/4 mile.",63
856604,MOUNTAINS OF SAN BENITO COUNTY AND INTERIOR MONTEREY COUNTY INCLUDING PINNACLES NATIONAL PARK (ZONE), ,10/31/2019,150,Frost/Freeze, , ,0,0,0,0,CA,PST-8, ,142694,Z,518,MTR,0,0,RAWS, , , , , , , , ,10/31/2019,350, , , , ,"Marquez RAWS station recorded temperatures between 23 and 26 degrees F.","Once the fire weather concerns passed for the area and offshore winds subsided, a very dry airmass clear skies and lighter winds provided the set up for freezing temperatures in the interior valleys. As a result a Freeze Warning was issued for the North Bay Valleys, S Salinas Valley and Interior Monterey/San Benito Counties.",64
860250,NORTHERN SALINAS VALLEY / HOLLISTER VALLEY / CARMEL VALLEY (ZONE), ,11/09/2019,125,Dense Fog, , ,0,0,0,0,CA,PST-8, ,143387,Z,528,MTR,0,0,ASOS, , , , , , , , ,11/09/2019,630, , , , ,"Salinas Airport ASOS recorded reduced visibilities of 1/4 mile or less due to dense fog.","Many coastal areas and inland valleys experienced dense fog into the morning of the 9th with observations showing visibility around the region at or below 1/4 mile while spotters reported visibility down to a few hundred feet at times.",65
860249,NORTHERN SALINAS VALLEY / HOLLISTER VALLEY / CARMEL VALLEY (ZONE), ,11/09/2019,335,Dense Fog, , ,0,0,0,0,CA,PST-8, ,143387,Z,528,MTR,0,0,ASOS, , , , , , , , ,11/09/2019,915, , , , ,"Hollister Airport ASOS recorded reduced visibilities down to 1/4 mile or less due to dense fog.","Many coastal areas and inland valleys experienced dense fog into the morning of the 9th with observations showing visibility around the region at or below 1/4 mile while spotters reported visibility down to a few hundred feet at times.",66
860180,NORTHERN SALINAS VALLEY / HOLLISTER VALLEY / CARMEL VALLEY (ZONE), ,11/26/2019,1930,Strong Wind,43.00, ,0,0,0,0,CA,PST-8,MG,143377,Z,528,MTR,0,0,Mesonet, , , , , , , , ,11/26/2019,1935, , , , ,"Mesonet station (PGE) in Carmel Valley Village.","A rapidly intensifying and ultimately record setting low pressure system moved into northern California and the Pacific Northwest in late November. A strong cold front associated with this system swept through the Bay Area bringing heavy rain, roadway flooding, strong winds, low elevation snow, small hail, and large waves to the region. This low set a record for the lowest sea-level pressure ever recorded in the state of California near Crescent City of 973.4 mb. Numerous webcams picked up snow on our area peaks down to 2000 feet in elevation.",67
860184,NORTHERN SALINAS VALLEY / HOLLISTER VALLEY / CARMEL VALLEY (ZONE), ,11/26/2019,2000,Strong Wind,46.00, ,0,0,0,0,CA,PST-8,MG,143377,Z,528,MTR,0,0,Mesonet, , , , , , , , ,11/26/2019,2005, , , , ,"Mesonet (PGE) in Carmel Valley Village.","A rapidly intensifying and ultimately record setting low pressure system moved into northern California and the Pacific Northwest in late November. A strong cold front associated with this system swept through the Bay Area bringing heavy rain, roadway flooding, strong winds, low elevation snow, small hail, and large waves to the region. This low set a record for the lowest sea-level pressure ever recorded in the state of California near Crescent City of 973.4 mb. Numerous webcams picked up snow on our area peaks down to 2000 feet in elevation.",68
860187,MOUNTAINS OF SAN BENITO COUNTY AND INTERIOR MONTEREY COUNTY INCLUDING PINNACLES NATIONAL PARK (ZONE), ,11/26/2019,2120,Strong Wind,46.00, ,0,0,0,0,CA,PST-8,MG,143377,Z,518,MTR,0,0,Mesonet, , , , , , , , ,11/26/2019,2125, , , , ,"Meonet station (PGE) 3 miles WSW of San Juan Batista.","A rapidly intensifying and ultimately record setting low pressure system moved into northern California and the Pacific Northwest in late November. A strong cold front associated with this system swept through the Bay Area bringing heavy rain, roadway flooding, strong winds, low elevation snow, small hail, and large waves to the region. This low set a record for the lowest sea-level pressure ever recorded in the state of California near Crescent City of 973.4 mb. Numerous webcams picked up snow on our area peaks down to 2000 feet in elevation.",69
860343,SAN BENITO CO.,IDRIA,11/29/2019,1557,Heavy Rain, , ,0,0,0,0,CA,PST-8, ,143390,C,69,MTR,0,0,Mesonet, , , ,6,SE,6,SE,IDRIA,11/29/2019,1627,36.35,-120.6,36.35,-120.6,"Mesonet station in Santa Rita recorded 0.41 inches of rain. Timing is estimated.","A low pressure system moving in from the Gulf of Alaska and drawing in moisture from the tropics combined to bring the first atmospheric river event of the winter season to the Greater Bay Area. This system brought widespread heavy rainfall, roadway flooding, and strong winds to the region. Rare Storm Warnings were issued over the coastal waters where buoys reported wind gusts in excess of 50 mph. Bay Area peaks recorded wind gusts between 60 to 70 mph with gusts along the Monterey Peninsula and Big Sur Coast at 50 to 60 mph. These winds caused downed trees and power outages across the area.",70
860346,NORTHERN SALINAS VALLEY / HOLLISTER VALLEY / CARMEL VALLEY (ZONE), ,11/30/2019,1419,Strong Wind,40.00, ,0,0,0,0,CA,PST-8,EG,143390,Z,528,MTR,0,0,Law Enforcement, , , , , , , , ,11/30/2019,1424, , , , ,"Power pole leaning into street on Potter Road and swinging in the wind.","A low pressure system moving in from the Gulf of Alaska and drawing in moisture from the tropics combined to bring the first atmospheric river event of the winter season to the Greater Bay Area. This system brought widespread heavy rainfall, roadway flooding, and strong winds to the region. Rare Storm Warnings were issued over the coastal waters where buoys reported wind gusts in excess of 50 mph. Bay Area peaks recorded wind gusts between 60 to 70 mph with gusts along the Monterey Peninsula and Big Sur Coast at 50 to 60 mph. These winds caused downed trees and power outages across the area.",71
860349,NORTHERN SALINAS VALLEY / HOLLISTER VALLEY / CARMEL VALLEY (ZONE), ,11/30/2019,1500,Strong Wind,40.00, ,0,0,0,0,CA,PST-8,MG,143390,Z,528,MTR,0,0,Mesonet, , , , , , , , ,11/30/2019,1505, , , , ,"Mesonet station (PGE) 0.7 miles NE of Carmel Valley Village.","A low pressure system moving in from the Gulf of Alaska and drawing in moisture from the tropics combined to bring the first atmospheric river event of the winter season to the Greater Bay Area. This system brought widespread heavy rainfall, roadway flooding, and strong winds to the region. Rare Storm Warnings were issued over the coastal waters where buoys reported wind gusts in excess of 50 mph. Bay Area peaks recorded wind gusts between 60 to 70 mph with gusts along the Monterey Peninsula and Big Sur Coast at 50 to 60 mph. These winds caused downed trees and power outages across the area.",72
864638,NORTHERN SALINAS VALLEY / HOLLISTER VALLEY / CARMEL VALLEY (ZONE), ,12/01/2019,715,Strong Wind,44.00, ,0,0,0,0,CA,PST-8,MG,143406,Z,528,MTR,0,0,ASOS, , , , , , , , ,12/01/2019,725, , , , ,"Salinas Airport ASOS recorded wind gusts between 46 and 51 mph.","A low pressure system moving in from the Gulf of Alaska and drawing in moisture from the tropics combined to bring the first atmospheric river event of the winter season to the Greater Bay Area. This system brought widespread heavy rainfall, roadway flooding, and strong winds to the region. Rare Storm Warnings were issued over the coastal waters where buoys reported wind gusts in excess of 50 mph. Bay Area peaks recorded wind gusts between 60 to 70 mph with gusts along the Monterey Peninsula and Big Sur Coast at 50 to 60 mph. These winds caused downed trees and power outages across the area. Additionally, convection associated wit the main low caused severe flooding in the city of Chualar where homes were flooded. and cars were stranded on a flooded highway.",73
864639,MOUNTAINS OF SAN BENITO COUNTY AND INTERIOR MONTEREY COUNTY INCLUDING PINNACLES NATIONAL PARK (ZONE), ,12/02/2019,440,Strong Wind,41.00, ,0,0,0,0,CA,PST-8,MG,143406,Z,518,MTR,0,0,Mesonet, , , , , , , , ,12/02/2019,500, , , , ,"Mesonet station (PG&E) on San Juan Grade.","A low pressure system moving in from the Gulf of Alaska and drawing in moisture from the tropics combined to bring the first atmospheric river event of the winter season to the Greater Bay Area. This system brought widespread heavy rainfall, roadway flooding, and strong winds to the region. Rare Storm Warnings were issued over the coastal waters where buoys reported wind gusts in excess of 50 mph. Bay Area peaks recorded wind gusts between 60 to 70 mph with gusts along the Monterey Peninsula and Big Sur Coast at 50 to 60 mph. These winds caused downed trees and power outages across the area. Additionally, convection associated wit the main low caused severe flooding in the city of Chualar where homes were flooded. and cars were stranded on a flooded highway.",74
864876,NORTHERN SALINAS VALLEY / HOLLISTER VALLEY / CARMEL VALLEY (ZONE), ,12/06/2019,1410,Strong Wind,39.00, ,0,0,0,0,CA,PST-8,MG,144048,Z,528,MTR,0,0,Mesonet, , , , , , , , ,12/06/2019,2110, , , , ,"Mesonet station (PG&E) recorded gusts over 45 mph with a peak gust of 56 mph.","A cold front swept through the region on the 7th bringing gusty southerly winds, heavy rain, and flooding. Winds brought down trees and power lines across the greater Bay Area resulting in injuries to two people in San Francisco. Downed power lines also left over 1,000 people without power in the Santa Cruz Mountains as well as causing several additional power outages across San Francisco. A line of strong showers moved over San Francisco bringing urbanized flooding to the city and strong winds. Roads as well as  municipal stations were underwater.",75
864902,NORTHERN SALINAS VALLEY / HOLLISTER VALLEY / CARMEL VALLEY (ZONE), ,12/12/2019,2123,Dense Fog, , ,0,0,0,0,CA,PST-8, ,144095,Z,528,MTR,0,0,ASOS, , , , , , , , ,12/13/2019,45, , , , ,"Salinas Airport ASOS reported visibility at a quarter mile the majority of the time period.","In spite of high cloud cover, dense fog developed across the North Bay with all sites reporting visibility at or below a quarter mile. Coastal areas and valleys around the SF Bay Area also developed dense fog including at the San Francisco Airport. Additionally, dense fog developed around the Monterey Bay.",76
864934,MOUNTAINS OF SAN BENITO COUNTY AND INTERIOR MONTEREY COUNTY INCLUDING PINNACLES NATIONAL PARK (ZONE), ,12/22/2019,237,Strong Wind,39.00, ,0,0,0,0,CA,PST-8,MG,144097,Z,518,MTR,0,0,RAWS, , , , , , , , ,12/22/2019,537, , , , ,"Pinnacles station measured wind gusts between 45 and 50 mph.","A cold front moved through the region bringing light to moderate rainfall across the Greater Bay Area along with breezy winds. Periods of heavy rain caused some minor roadway flooding. Area peaks saw wind gusts between 40 and 60 mph with a peak gust of 69 mph.",77
864938,NORTHERN SALINAS VALLEY / HOLLISTER VALLEY / CARMEL VALLEY (ZONE), ,12/22/2019,300,High Wind,50.00, ,0,0,0,0,CA,PST-8,MG,144097,Z,528,MTR,0,0,Mesonet, , , , , , , , ,12/22/2019,315, , , , ,"Mesonet station (PG&E) 6 miles north of Gonzales recorded wind gusts of 57 mph.","A cold front moved through the region bringing light to moderate rainfall across the Greater Bay Area along with breezy winds. Periods of heavy rain caused some minor roadway flooding. Area peaks saw wind gusts between 40 and 60 mph with a peak gust of 69 mph.",78
873146,MOUNTAINS OF SAN BENITO COUNTY AND INTERIOR MONTEREY COUNTY INCLUDING PINNACLES NATIONAL PARK (ZONE), ,02/03/2020,2030,Frost/Freeze, , ,0,0,0,0,CA,PST-8, ,145421,Z,518,MTR,0,0,Mesonet, , , , , , , , ,02/04/2020,820, , , , ,"Mesonet station (PG&E) on Indian Valley Road reported temperatures between 19 and 28 degrees.","As a low pressure system exited to the east of the area, skies began to clear and wind sheltered locations saw a drop in overnight temperatures down to or below freezing.",79
873145,MOUNTAINS OF SAN BENITO COUNTY AND INTERIOR MONTEREY COUNTY INCLUDING PINNACLES NATIONAL PARK (ZONE), ,02/04/2020,0,Frost/Freeze, , ,0,0,0,0,CA,PST-8, ,145421,Z,518,MTR,0,0,Mesonet, , , , , , , , ,02/04/2020,900, , , , ,"Mesonet station at Pinnacles National Park reported  temperatures between 22 and 28 degrees.","As a low pressure system exited to the east of the area, skies began to clear and wind sheltered locations saw a drop in overnight temperatures down to or below freezing.",80
873154,MOUNTAINS OF SAN BENITO COUNTY AND INTERIOR MONTEREY COUNTY INCLUDING PINNACLES NATIONAL PARK (ZONE), ,02/04/2020,2010,Frost/Freeze, , ,0,0,0,0,CA,PST-8, ,145421,Z,518,MTR,0,0,Mesonet, , , , , , , , ,02/05/2020,750, , , , ,"Mesonet station (PG&E) at Indian Valley Road reported temperatures between 23 and 28 degrees.","As a low pressure system exited to the east of the area, skies began to clear and wind sheltered locations saw a drop in overnight temperatures down to or below freezing.",81
873153,MOUNTAINS OF SAN BENITO COUNTY AND INTERIOR MONTEREY COUNTY INCLUDING PINNACLES NATIONAL PARK (ZONE), ,02/04/2020,2200,Frost/Freeze, , ,0,0,0,0,CA,PST-8, ,145421,Z,518,MTR,0,0,Mesonet, , , , , , , , ,02/05/2020,800, , , , ,"Mesonet station at Pinnacles National Park reported temperatures between 23 and 28 degrees.","As a low pressure system exited to the east of the area, skies began to clear and wind sheltered locations saw a drop in overnight temperatures down to or below freezing.",82
906081,MOUNTAINS OF SAN BENITO COUNTY AND INTERIOR MONTEREY COUNTY INCLUDING PINNACLES NATIONAL PARK (ZONE), ,07/15/2020,1300,Wildfire, , ,0,0,0,0,CA,PST-8, ,149652,Z,518,MTR,0,0,Broadcast Media, , , , , , , , ,07/18/2020,648, , , , ,"The Coyote Fire broke out in San Benito county west of Panoche prompting evacuations and destroying a few buildings https://kion546.com/news/2020/07/15/cal-fire-responds-to-coyote-fire-in-san-benito-county/.","A wildfire sparked in Fresno county and was burning towards the Monterey County line in mid July. The fire necessitated evacuations for parts of Monterey County. The evacuation notices were lifted several days later. The Coyote Fire broke out a couple of days later in nearby San Benito County destroying a few structures and also prompting evacuations. Smoke from both fires made its way into the Bay Area.",83
924648,NORTHERN SALINAS VALLEY / HOLLISTER VALLEY / CARMEL VALLEY (ZONE), ,11/08/2020,810,Strong Wind,35.00, ,0,0,0,0,CA,PST-8,EG,153531,Z,528,MTR,0,0,Mesonet, , , , , , , , ,11/08/2020,1100, , , , ,"Mesonet (PG&E) station at Reservation Road measured gusts around 40 mph.","Not long after a strong cold front moved through the region, its parent upper low brought an additional round of gusty northwest winds. Observations reported gusts generally between 35 and 45 mph. This system also brought scattered showers and low elevation snow across some of the hills.",84
924645,MOUNTAINS OF SAN BENITO COUNTY AND INTERIOR MONTEREY COUNTY INCLUDING PINNACLES NATIONAL PARK (ZONE), ,11/08/2020,1155,Strong Wind,34.00, ,0,0,0,0,CA,PST-8,MG,153531,Z,518,MTR,0,0,RAWS, , , , , , , , ,11/08/2020,1255, , , , ,"Parkfield RAWS station reported gusts of 39 mph.","Not long after a strong cold front moved through the region, its parent upper low brought an additional round of gusty northwest winds. Observations reported gusts generally between 35 and 45 mph. This system also brought scattered showers and low elevation snow across some of the hills.",85
932293,MOUNTAINS OF SAN BENITO COUNTY AND INTERIOR MONTEREY COUNTY INCLUDING PINNACLES NATIONAL PARK (ZONE), ,01/19/2021,520,Strong Wind,43.00, ,0,0,0,0,CA,PST-8,MG,154672,Z,518,MTR,0,0,Mesonet, , , , , , , , ,01/19/2021,910, , , , ,"Mesonet station (PG&E) on Old Stage Road measured wind gusts between 45 and 65 mph with a peak gust of 67 mph.","A rare winter time offshore wind event affected the Greater Bay Area in mid to late January. It was unusual given the long duration and wide areal coverage as well as the time of year. An upper level disturbance passed over the region the 17th-18th leading to a tightening offshore pressure gradient before a second and stronger disturbance the 18th-19th tightened it further. This lead to two bursts of strong offshore winds. Higher elevations across the region reported gusts between 60 and 80 mph with two sites reaching 90. Lower elevations also were notably in excess of 40 mph. These winds resulted in tree damage, downed trees, and downed powerlines causing power outages. This all led to a rare January Red Flag Warning for Monterey and San Benito counties where fuels remained dry from lack of rainfall. Roughly a dozen small fires broke out in the Santa Cruz Mountains, with two becoming relatively large for January. Full storm summary https://www.weather.gov/mtr/Wind_1_17-19_2021.",86
931893,NORTHERN SALINAS VALLEY / HOLLISTER VALLEY / CARMEL VALLEY (ZONE), ,01/19/2021,750,Strong Wind,40.00, ,0,0,0,0,CA,PST-8,EG,154672,Z,528,MTR,0,0,Law Enforcement, , , , , , , , ,01/19/2021,800, , , , ,"Tree down blocking both lanes on Old Stage Rd and Herbert Rd.","A rare winter time offshore wind event affected the Greater Bay Area in mid to late January. It was unusual given the long duration and wide areal coverage as well as the time of year. An upper level disturbance passed over the region the 17th-18th leading to a tightening offshore pressure gradient before a second and stronger disturbance the 18th-19th tightened it further. This lead to two bursts of strong offshore winds. Higher elevations across the region reported gusts between 60 and 80 mph with two sites reaching 90. Lower elevations also were notably in excess of 40 mph. These winds resulted in tree damage, downed trees, and downed powerlines causing power outages. This all led to a rare January Red Flag Warning for Monterey and San Benito counties where fuels remained dry from lack of rainfall. Roughly a dozen small fires broke out in the Santa Cruz Mountains, with two becoming relatively large for January. Full storm summary https://www.weather.gov/mtr/Wind_1_17-19_2021.",87
931909,MOUNTAINS OF SAN BENITO COUNTY AND INTERIOR MONTEREY COUNTY INCLUDING PINNACLES NATIONAL PARK (ZONE), ,01/19/2021,900,Strong Wind,40.00, ,0,0,0,0,CA,PST-8,EG,154672,Z,518,MTR,0,0,Law Enforcement, , , , , , , , ,01/19/2021,910, , , , ,"Large tree down in the middle of the road at Santa Ana Valley Rd and John Smith Rd.","A rare winter time offshore wind event affected the Greater Bay Area in mid to late January. It was unusual given the long duration and wide areal coverage as well as the time of year. An upper level disturbance passed over the region the 17th-18th leading to a tightening offshore pressure gradient before a second and stronger disturbance the 18th-19th tightened it further. This lead to two bursts of strong offshore winds. Higher elevations across the region reported gusts between 60 and 80 mph with two sites reaching 90. Lower elevations also were notably in excess of 40 mph. These winds resulted in tree damage, downed trees, and downed powerlines causing power outages. This all led to a rare January Red Flag Warning for Monterey and San Benito counties where fuels remained dry from lack of rainfall. Roughly a dozen small fires broke out in the Santa Cruz Mountains, with two becoming relatively large for January. Full storm summary https://www.weather.gov/mtr/Wind_1_17-19_2021.",88
935843,NORTHERN SALINAS VALLEY / HOLLISTER VALLEY / CARMEL VALLEY (ZONE), ,01/26/2021,2050,Strong Wind,39.00, ,0,0,0,0,CA,PST-8,MG,154756,Z,528,MTR,0,0,Mesonet, , , , , , , , ,01/27/2021,320, , , , ,"Mesonet station (PG&E) on Chualar Canyon Road measured gusts between 45 and 50 mph with a peak gust of 55 mph.","A plume of moisture from the tropical Pacific brought an Atmospheric River to the Bay Area January 26th-29th. This system generated heavy rain rates causing flooding and debris flows over area burn scars as well as 15 to 20 inches of rain in the Santa Lucia Mountains. Mudflows near the River Fire burn scar in Monterey County caused damage to homes, covered roadways, and trapped animals at local ranches. Debris flows near the Dolan Fire burn scar caused an entire section of Highway 1 near Rat Creek to collapse into the Pacific Ocean. This was an unusually cold system for an Atmospheric River resulting in lower snow levels and allowing for accumulating snow as low as 1300 feet in elevation. Additionally, strong south to southeast winds gusted to 60-70 mph across area peaks with Mt Diablo reaching 80 mph. Valley locations were gusting up to 40 mph. Numerous trees fell across the region including into homes and onto cars. Multiple power outages were also reported. It is estimated that the storm caused millions of dollars in damage across Santa Cruz County https://www.ksbw.com/article/emergency-declaration-made-in-santa-cruz-county-for-millions-in-damages/35400060.  Full storm summary https://www.weather.gov/mtr/AtmosphericRiver_1_26-29_2021.",89
932344,SAN BENITO CO.,AROMAS,01/27/2021,1548,Flood, , ,0,0,0,0,CA,PST-8, ,154756,C,69,MTR,0,0,Law Enforcement,Heavy Rain, , ,2,SE,2,SE,AROMAS,01/27/2021,1618,36.8595,-121.604,36.8595,-121.6042,"Roadway flooding at US-101N and Rocks Rd.","A plume of moisture from the tropical Pacific brought an Atmospheric River to the Bay Area January 26th-29th. This system generated heavy rain rates causing flooding and debris flows over area burn scars as well as 15 to 20 inches of rain in the Santa Lucia Mountains. Mudflows near the River Fire burn scar in Monterey County caused damage to homes, covered roadways, and trapped animals at local ranches. Debris flows near the Dolan Fire burn scar caused an entire section of Highway 1 near Rat Creek to collapse into the Pacific Ocean. This was an unusually cold system for an Atmospheric River resulting in lower snow levels and allowing for accumulating snow as low as 1300 feet in elevation. Additionally, strong south to southeast winds gusted to 60-70 mph across area peaks with Mt Diablo reaching 80 mph. Valley locations were gusting up to 40 mph. Numerous trees fell across the region including into homes and onto cars. Multiple power outages were also reported. It is estimated that the storm caused millions of dollars in damage across Santa Cruz County https://www.ksbw.com/article/emergency-declaration-made-in-santa-cruz-county-for-millions-in-damages/35400060.  Full storm summary https://www.weather.gov/mtr/AtmosphericRiver_1_26-29_2021.",90
932482,SAN BENITO CO.,PANOCHE,01/27/2021,2040,Debris Flow, , ,0,0,4500000,0,CA,PST-8, ,154756,C,69,MTR,0,0,Law Enforcement,Heavy Rain, , ,0,SSE,0,SSE,PANOCHE,01/27/2021,2110,36.5958,-120.8272,36.5953,-120.8272,"Mudslide on Panoche Rd. Preliminary damage estimates from public works.","A plume of moisture from the tropical Pacific brought an Atmospheric River to the Bay Area January 26th-29th. This system generated heavy rain rates causing flooding and debris flows over area burn scars as well as 15 to 20 inches of rain in the Santa Lucia Mountains. Mudflows near the River Fire burn scar in Monterey County caused damage to homes, covered roadways, and trapped animals at local ranches. Debris flows near the Dolan Fire burn scar caused an entire section of Highway 1 near Rat Creek to collapse into the Pacific Ocean. This was an unusually cold system for an Atmospheric River resulting in lower snow levels and allowing for accumulating snow as low as 1300 feet in elevation. Additionally, strong south to southeast winds gusted to 60-70 mph across area peaks with Mt Diablo reaching 80 mph. Valley locations were gusting up to 40 mph. Numerous trees fell across the region including into homes and onto cars. Multiple power outages were also reported. It is estimated that the storm caused millions of dollars in damage across Santa Cruz County https://www.ksbw.com/article/emergency-declaration-made-in-santa-cruz-county-for-millions-in-damages/35400060.  Full storm summary https://www.weather.gov/mtr/AtmosphericRiver_1_26-29_2021.",91
933925,SAN BENITO CO.,HOLLISTER,01/27/2021,2200,Flood, , ,0,0,2500000,0,CA,PST-8, ,154756,C,69,MTR,0,0,County Official,Heavy Rain, , ,4,S,4,S,HOLLISTER,01/27/2021,2230,36.7969,-121.4089,36.7964,-121.4088,"Damage to Cienega Rd from Mudstone Ranch to Bird Creek. Damage occurred sometime between the 26th and the end of the event. Estimates of repair cost sent by public works.","A plume of moisture from the tropical Pacific brought an Atmospheric River to the Bay Area January 26th-29th. This system generated heavy rain rates causing flooding and debris flows over area burn scars as well as 15 to 20 inches of rain in the Santa Lucia Mountains. Mudflows near the River Fire burn scar in Monterey County caused damage to homes, covered roadways, and trapped animals at local ranches. Debris flows near the Dolan Fire burn scar caused an entire section of Highway 1 near Rat Creek to collapse into the Pacific Ocean. This was an unusually cold system for an Atmospheric River resulting in lower snow levels and allowing for accumulating snow as low as 1300 feet in elevation. Additionally, strong south to southeast winds gusted to 60-70 mph across area peaks with Mt Diablo reaching 80 mph. Valley locations were gusting up to 40 mph. Numerous trees fell across the region including into homes and onto cars. Multiple power outages were also reported. It is estimated that the storm caused millions of dollars in damage across Santa Cruz County https://www.ksbw.com/article/emergency-declaration-made-in-santa-cruz-county-for-millions-in-damages/35400060.  Full storm summary https://www.weather.gov/mtr/AtmosphericRiver_1_26-29_2021.",92
933931,SAN BENITO CO.,HOLLISTER,01/27/2021,2200,Flood, , ,0,0,250000,0,CA,PST-8, ,154756,C,69,MTR,0,0,County Official,Heavy Rain, , ,2,SW,2,SW,HOLLISTER,01/27/2021,2230,36.8274,-121.4198,36.8272,-121.4198,"Union Road near Riverside Drive flooding on shoulder. Exact time of damage unknown, estimate sent by public works.","A plume of moisture from the tropical Pacific brought an Atmospheric River to the Bay Area January 26th-29th. This system generated heavy rain rates causing flooding and debris flows over area burn scars as well as 15 to 20 inches of rain in the Santa Lucia Mountains. Mudflows near the River Fire burn scar in Monterey County caused damage to homes, covered roadways, and trapped animals at local ranches. Debris flows near the Dolan Fire burn scar caused an entire section of Highway 1 near Rat Creek to collapse into the Pacific Ocean. This was an unusually cold system for an Atmospheric River resulting in lower snow levels and allowing for accumulating snow as low as 1300 feet in elevation. Additionally, strong south to southeast winds gusted to 60-70 mph across area peaks with Mt Diablo reaching 80 mph. Valley locations were gusting up to 40 mph. Numerous trees fell across the region including into homes and onto cars. Multiple power outages were also reported. It is estimated that the storm caused millions of dollars in damage across Santa Cruz County https://www.ksbw.com/article/emergency-declaration-made-in-santa-cruz-county-for-millions-in-damages/35400060.  Full storm summary https://www.weather.gov/mtr/AtmosphericRiver_1_26-29_2021.",93
933930,SAN BENITO CO.,HOLLISTER,01/27/2021,2200,Flood, , ,0,0,2000000,0,CA,PST-8, ,154756,C,69,MTR,0,0,County Official,Heavy Rain, , ,2,SSE,2,SSE,HOLLISTER,01/27/2021,2230,36.8265,-121.3874,36.8261,-121.3877,"Southside Rd damaged from Hollister to Tres Pinos Creek. Exact time of damage occurrence unknown, estimate sent by public works.","A plume of moisture from the tropical Pacific brought an Atmospheric River to the Bay Area January 26th-29th. This system generated heavy rain rates causing flooding and debris flows over area burn scars as well as 15 to 20 inches of rain in the Santa Lucia Mountains. Mudflows near the River Fire burn scar in Monterey County caused damage to homes, covered roadways, and trapped animals at local ranches. Debris flows near the Dolan Fire burn scar caused an entire section of Highway 1 near Rat Creek to collapse into the Pacific Ocean. This was an unusually cold system for an Atmospheric River resulting in lower snow levels and allowing for accumulating snow as low as 1300 feet in elevation. Additionally, strong south to southeast winds gusted to 60-70 mph across area peaks with Mt Diablo reaching 80 mph. Valley locations were gusting up to 40 mph. Numerous trees fell across the region including into homes and onto cars. Multiple power outages were also reported. It is estimated that the storm caused millions of dollars in damage across Santa Cruz County https://www.ksbw.com/article/emergency-declaration-made-in-santa-cruz-county-for-millions-in-damages/35400060.  Full storm summary https://www.weather.gov/mtr/AtmosphericRiver_1_26-29_2021.",94
933926,SAN BENITO CO.,BITTERWATER,01/27/2021,2200,Flood, , ,0,0,3000000,0,CA,PST-8, ,154756,C,69,MTR,0,0,County Official,Heavy Rain, , ,2,NNE,2,NNE,BITTERWATER,01/27/2021,2230,36.4074,-120.9923,36.4076,-120.993,"Coalinga Road damaged from SR25 to Fresno County. Exact time of damage unknown. Damage estimate sent by public works.","A plume of moisture from the tropical Pacific brought an Atmospheric River to the Bay Area January 26th-29th. This system generated heavy rain rates causing flooding and debris flows over area burn scars as well as 15 to 20 inches of rain in the Santa Lucia Mountains. Mudflows near the River Fire burn scar in Monterey County caused damage to homes, covered roadways, and trapped animals at local ranches. Debris flows near the Dolan Fire burn scar caused an entire section of Highway 1 near Rat Creek to collapse into the Pacific Ocean. This was an unusually cold system for an Atmospheric River resulting in lower snow levels and allowing for accumulating snow as low as 1300 feet in elevation. Additionally, strong south to southeast winds gusted to 60-70 mph across area peaks with Mt Diablo reaching 80 mph. Valley locations were gusting up to 40 mph. Numerous trees fell across the region including into homes and onto cars. Multiple power outages were also reported. It is estimated that the storm caused millions of dollars in damage across Santa Cruz County https://www.ksbw.com/article/emergency-declaration-made-in-santa-cruz-county-for-millions-in-damages/35400060.  Full storm summary https://www.weather.gov/mtr/AtmosphericRiver_1_26-29_2021.",95
933927,SAN BENITO CO.,BITTERWATER,01/27/2021,2200,Flood, , ,0,0,2000000,0,CA,PST-8, ,154756,C,69,MTR,0,0,County Official,Heavy Rain, , ,0,WNW,0,WNW,BITTERWATER,01/27/2021,2230,36.3806,-121.0014,36.3804,-121.0013,"King City Road damaged from SR 25 to Monterey County. Exact time of damage occurrence is unknown. Estimates sent by public works.","A plume of moisture from the tropical Pacific brought an Atmospheric River to the Bay Area January 26th-29th. This system generated heavy rain rates causing flooding and debris flows over area burn scars as well as 15 to 20 inches of rain in the Santa Lucia Mountains. Mudflows near the River Fire burn scar in Monterey County caused damage to homes, covered roadways, and trapped animals at local ranches. Debris flows near the Dolan Fire burn scar caused an entire section of Highway 1 near Rat Creek to collapse into the Pacific Ocean. This was an unusually cold system for an Atmospheric River resulting in lower snow levels and allowing for accumulating snow as low as 1300 feet in elevation. Additionally, strong south to southeast winds gusted to 60-70 mph across area peaks with Mt Diablo reaching 80 mph. Valley locations were gusting up to 40 mph. Numerous trees fell across the region including into homes and onto cars. Multiple power outages were also reported. It is estimated that the storm caused millions of dollars in damage across Santa Cruz County https://www.ksbw.com/article/emergency-declaration-made-in-santa-cruz-county-for-millions-in-damages/35400060.  Full storm summary https://www.weather.gov/mtr/AtmosphericRiver_1_26-29_2021.",96
933928,SAN BENITO CO.,PANOCHE,01/27/2021,2200,Flood, , ,0,0,3500000,0,CA,PST-8, ,154756,C,69,MTR,0,0,County Official,Heavy Rain / Burn Area, , ,0,SSE,0,SSE,PANOCHE,01/27/2021,2230,36.5948,-120.8279,36.5947,-120.8275,"New Idria Rd from Panoche Valley to 20 plus miles south, road completely washed out. Exact time of damage unknown, estimate sent by public works.","A plume of moisture from the tropical Pacific brought an Atmospheric River to the Bay Area January 26th-29th. This system generated heavy rain rates causing flooding and debris flows over area burn scars as well as 15 to 20 inches of rain in the Santa Lucia Mountains. Mudflows near the River Fire burn scar in Monterey County caused damage to homes, covered roadways, and trapped animals at local ranches. Debris flows near the Dolan Fire burn scar caused an entire section of Highway 1 near Rat Creek to collapse into the Pacific Ocean. This was an unusually cold system for an Atmospheric River resulting in lower snow levels and allowing for accumulating snow as low as 1300 feet in elevation. Additionally, strong south to southeast winds gusted to 60-70 mph across area peaks with Mt Diablo reaching 80 mph. Valley locations were gusting up to 40 mph. Numerous trees fell across the region including into homes and onto cars. Multiple power outages were also reported. It is estimated that the storm caused millions of dollars in damage across Santa Cruz County https://www.ksbw.com/article/emergency-declaration-made-in-santa-cruz-county-for-millions-in-damages/35400060.  Full storm summary https://www.weather.gov/mtr/AtmosphericRiver_1_26-29_2021.",97
933929,SAN BENITO CO.,SAN JUAN BAUTISTA,01/27/2021,2200,Flood, , ,0,0,2000000,0,CA,PST-8, ,154756,C,69,MTR,0,0,County Official,Heavy Rain, , ,1,S,1,S,SAN JUAN BAUTISTA,01/27/2021,2230,36.8358,-121.5316,36.8357,-121.5316,"Damage to Salinas Grade Rd from San Juan Bautista to Monterey County. Exact time of damage occurrence unknown, estimates sent b public works.","A plume of moisture from the tropical Pacific brought an Atmospheric River to the Bay Area January 26th-29th. This system generated heavy rain rates causing flooding and debris flows over area burn scars as well as 15 to 20 inches of rain in the Santa Lucia Mountains. Mudflows near the River Fire burn scar in Monterey County caused damage to homes, covered roadways, and trapped animals at local ranches. Debris flows near the Dolan Fire burn scar caused an entire section of Highway 1 near Rat Creek to collapse into the Pacific Ocean. This was an unusually cold system for an Atmospheric River resulting in lower snow levels and allowing for accumulating snow as low as 1300 feet in elevation. Additionally, strong south to southeast winds gusted to 60-70 mph across area peaks with Mt Diablo reaching 80 mph. Valley locations were gusting up to 40 mph. Numerous trees fell across the region including into homes and onto cars. Multiple power outages were also reported. It is estimated that the storm caused millions of dollars in damage across Santa Cruz County https://www.ksbw.com/article/emergency-declaration-made-in-santa-cruz-county-for-millions-in-damages/35400060.  Full storm summary https://www.weather.gov/mtr/AtmosphericRiver_1_26-29_2021.",98
932356,SAN BENITO CO.,HOLLISTER,01/27/2021,2234,Flood, , ,0,0,250000,0,CA,PST-8, ,154756,C,69,MTR,0,0,Law Enforcement,Heavy Rain, , ,2,E,2,E,HOLLISTER,01/27/2021,2304,36.8539,-121.3635,36.8538,-121.3635,"Roadway flooding at Fairview Rd and Mansfield Rd. Damage estimate sent in by public works.","A plume of moisture from the tropical Pacific brought an Atmospheric River to the Bay Area January 26th-29th. This system generated heavy rain rates causing flooding and debris flows over area burn scars as well as 15 to 20 inches of rain in the Santa Lucia Mountains. Mudflows near the River Fire burn scar in Monterey County caused damage to homes, covered roadways, and trapped animals at local ranches. Debris flows near the Dolan Fire burn scar caused an entire section of Highway 1 near Rat Creek to collapse into the Pacific Ocean. This was an unusually cold system for an Atmospheric River resulting in lower snow levels and allowing for accumulating snow as low as 1300 feet in elevation. Additionally, strong south to southeast winds gusted to 60-70 mph across area peaks with Mt Diablo reaching 80 mph. Valley locations were gusting up to 40 mph. Numerous trees fell across the region including into homes and onto cars. Multiple power outages were also reported. It is estimated that the storm caused millions of dollars in damage across Santa Cruz County https://www.ksbw.com/article/emergency-declaration-made-in-santa-cruz-county-for-millions-in-damages/35400060.  Full storm summary https://www.weather.gov/mtr/AtmosphericRiver_1_26-29_2021.",99
966981,MOUNTAINS OF SAN BENITO COUNTY AND INTERIOR MONTEREY COUNTY INCLUDING PINNACLES NATIONAL PARK (ZONE), ,07/10/2021,855,Excessive Heat, , ,0,0,0,0,CA,PST-8, ,159953,Z,518,MTR,0,0,RAWS, , , , , , , , ,07/10/2021,2255, , , , ,"Parkfield RAWS station reported a high temperature of 112 degrees F and remained above 100 degrees until 8 pm PDT.","Strong high pressure building over the region in early to mid July brought warm to hot temperatures across the interior. Daytime highs rose into the 100s with locations across the East Bay up to 110 degrees between July 9th and 11th. Overnight lows remained warm, particularly across higher elevations where temperatures were still in the 70s and 80s in the early mornings. Additionally, prolonged dry conditions resulted in near record dry fuels for July. This along with breezy afternoon winds prompted the Diablo Fire in Contra Costa County.",100
